MMETSP_ID,MMETSP_g
A0A1J0I0B7,A0A1J0I0B7&A0A2R5GR04&A0A6S8DQS1.1&A0A6S8FSW4.1&A0A6S8GDE0.1
A0A2R5GR04,A0A1J0I0B7&A0A2R5GR04&A0A6S8DQS1.1&A0A6S8FSW4.1&A0A6S8GDE0.1
A0A6S8DQS1.1,A0A1J0I0B7&A0A2R5GR04&A0A6S8DQS1.1&A0A6S8FSW4.1&A0A6S8GDE0.1
A0A6S8FSW4.1,A0A1J0I0B7&A0A2R5GR04&A0A6S8DQS1.1&A0A6S8FSW4.1&A0A6S8GDE0.1
A0A6S8GDE0.1,A0A1J0I0B7&A0A2R5GR04&A0A6S8DQS1.1&A0A6S8FSW4.1&A0A6S8GDE0.1
A0A1J0I0C1,A0A1J0I0C1&A0A3S9VMC7&A0A6S8AS53.1&A0A6S8B591.1
A0A3S9VMC7,A0A1J0I0C1&A0A3S9VMC7&A0A6S8AS53.1&A0A6S8B591.1
A0A6S8AS53.1,A0A1J0I0C1&A0A3S9VMC7&A0A6S8AS53.1&A0A6S8B591.1
A0A6S8B591.1,A0A1J0I0C1&A0A3S9VMC7&A0A6S8AS53.1&A0A6S8B591.1
A0A6S7ZD93.1,A0A6S7ZD93.1&A0A6S8DEE9.1
A0A6S8DEE9.1,A0A6S7ZD93.1&A0A6S8DEE9.1
A0A6S7ZEU9.1,A0A6S7ZEU9.1&A0A6S8GHK0.1
A0A6S8GHK0.1,A0A6S7ZEU9.1&A0A6S8GHK0.1
A0A6S7ZF11.1,A0A6S7ZF11.1&A0A6S8FMY4.1
A0A6S8FMY4.1,A0A6S7ZF11.1&A0A6S8FMY4.1
A0A6S7ZF54.1,A0A6S7ZF54.1&A0A6S8E5R6.1
A0A6S8E5R6.1,A0A6S7ZF54.1&A0A6S8E5R6.1
A0A6S7ZFQ3.1,A0A6S7ZFQ3.1&A0A6S8AGI2.1&A0A6S8BSM0.1&A0A6S8C857.1&A0A6S8CEQ0.1&A0A6S8CI95.1&A0A6S8D2R5.1&A0A6S8DJ01.1
A0A6S8AGI2.1,A0A6S7ZFQ3.1&A0A6S8AGI2.1&A0A6S8BSM0.1&A0A6S8C857.1&A0A6S8CEQ0.1&A0A6S8CI95.1&A0A6S8D2R5.1&A0A6S8DJ01.1
A0A6S8BSM0.1,A0A6S7ZFQ3.1&A0A6S8AGI2.1&A0A6S8BSM0.1&A0A6S8C857.1&A0A6S8CEQ0.1&A0A6S8CI95.1&A0A6S8D2R5.1&A0A6S8DJ01.1
A0A6S8C857.1,A0A6S7ZFQ3.1&A0A6S8AGI2.1&A0A6S8BSM0.1&A0A6S8C857.1&A0A6S8CEQ0.1&A0A6S8CI95.1&A0A6S8D2R5.1&A0A6S8DJ01.1
A0A6S8CEQ0.1,A0A6S7ZFQ3.1&A0A6S8AGI2.1&A0A6S8BSM0.1&A0A6S8C857.1&A0A6S8CEQ0.1&A0A6S8CI95.1&A0A6S8D2R5.1&A0A6S8DJ01.1
A0A6S8CI95.1,A0A6S7ZFQ3.1&A0A6S8AGI2.1&A0A6S8BSM0.1&A0A6S8C857.1&A0A6S8CEQ0.1&A0A6S8CI95.1&A0A6S8D2R5.1&A0A6S8DJ01.1
A0A6S7ZG02.1,A0A6S7ZG02.1&A0A6S8BKX5.1&A0A6S8CSH3.1&A0A6S8CSI2.1&A0A6S8CXL7.1&A0A6S8D3N5.1&A0A6S8D416.1&A0A6S8D9T1.1&A0A6S8DCA2.1&A0A6S8DNB1.1&A0A6S8DNJ7.1&A0A6S8DNY9.1&A0A6S8DPG7.1&A0A6S8DPI3.1&A0A6S8E042.1&A0A6S8F0N6.1
A0A6S8BKX5.1,A0A6S7ZG02.1&A0A6S8BKX5.1&A0A6S8CSH3.1&A0A6S8CSI2.1&A0A6S8CXL7.1&A0A6S8D3N5.1&A0A6S8D416.1&A0A6S8D9T1.1&A0A6S8DCA2.1&A0A6S8DNB1.1&A0A6S8DNJ7.1&A0A6S8DNY9.1&A0A6S8DPG7.1&A0A6S8DPI3.1&A0A6S8E042.1&A0A6S8F0N6.1
A0A6S8CSH3.1,A0A6S7ZG02.1&A0A6S8BKX5.1&A0A6S8CSH3.1&A0A6S8CSI2.1&A0A6S8CXL7.1&A0A6S8D3N5.1&A0A6S8D416.1&A0A6S8D9T1.1&A0A6S8DCA2.1&A0A6S8DNB1.1&A0A6S8DNJ7.1&A0A6S8DNY9.1&A0A6S8DPG7.1&A0A6S8DPI3.1&A0A6S8E042.1&A0A6S8F0N6.1
A0A6S8CSI2.1,A0A6S7ZG02.1&A0A6S8BKX5.1&A0A6S8CSH3.1&A0A6S8CSI2.1&A0A6S8CXL7.1&A0A6S8D3N5.1&A0A6S8D416.1&A0A6S8D9T1.1&A0A6S8DCA2.1&A0A6S8DNB1.1&A0A6S8DNJ7.1&A0A6S8DNY9.1&A0A6S8DPG7.1&A0A6S8DPI3.1&A0A6S8E042.1&A0A6S8F0N6.1
A0A6S8CXL7.1,A0A6S7ZG02.1&A0A6S8BKX5.1&A0A6S8CSH3.1&A0A6S8CSI2.1&A0A6S8CXL7.1&A0A6S8D3N5.1&A0A6S8D416.1&A0A6S8D9T1.1&A0A6S8DCA2.1&A0A6S8DNB1.1&A0A6S8DNJ7.1&A0A6S8DNY9.1&A0A6S8DPG7.1&A0A6S8DPI3.1&A0A6S8E042.1&A0A6S8F0N6.1
A0A6S8D3N5.1,A0A6S7ZG02.1&A0A6S8BKX5.1&A0A6S8CSH3.1&A0A6S8CSI2.1&A0A6S8CXL7.1&A0A6S8D3N5.1&A0A6S8D416.1&A0A6S8D9T1.1&A0A6S8DCA2.1&A0A6S8DNB1.1&A0A6S8DNJ7.1&A0A6S8DNY9.1&A0A6S8DPG7.1&A0A6S8DPI3.1&A0A6S8E042.1&A0A6S8F0N6.1
A0A6S7ZG15.1,A0A6S7ZG15.1&A0A6S8AIJ9.1&A0A6S8DQ05.1&A0A6S8DQE8.1&A0A6S8DQG1.1&A0A6S8DRI0.1&A0A6S8G650.1
A0A6S8AIJ9.1,A0A6S7ZG15.1&A0A6S8AIJ9.1&A0A6S8DQ05.1&A0A6S8DQE8.1&A0A6S8DQG1.1&A0A6S8DRI0.1&A0A6S8G650.1
A0A6S8DQ05.1,A0A6S7ZG15.1&A0A6S8AIJ9.1&A0A6S8DQ05.1&A0A6S8DQE8.1&A0A6S8DQG1.1&A0A6S8DRI0.1&A0A6S8G650.1
A0A6S8DQE8.1,A0A6S7ZG15.1&A0A6S8AIJ9.1&A0A6S8DQ05.1&A0A6S8DQE8.1&A0A6S8DQG1.1&A0A6S8DRI0.1&A0A6S8G650.1
A0A6S8DQG1.1,A0A6S7ZG15.1&A0A6S8AIJ9.1&A0A6S8DQ05.1&A0A6S8DQE8.1&A0A6S8DQG1.1&A0A6S8DRI0.1&A0A6S8G650.1
A0A6S8DRI0.1,A0A6S7ZG15.1&A0A6S8AIJ9.1&A0A6S8DQ05.1&A0A6S8DQE8.1&A0A6S8DQG1.1&A0A6S8DRI0.1&A0A6S8G650.1
A0A6S7ZGU4.1,A0A6S7ZGU4.1&A0A6S8GF73.1
A0A6S8GF73.1,A0A6S7ZGU4.1&A0A6S8GF73.1
A0A6S7ZH69.1,A0A6S7ZH69.1&A0A6S7ZVF3.1&A0A6S8AJY1.1&A0A6S8BA01.1&A0A6S8E181.1&A0A6S8EXA7.1&A0A6S8G8R5.1
A0A6S7ZVF3.1,A0A6S7ZH69.1&A0A6S7ZVF3.1&A0A6S8AJY1.1&A0A6S8BA01.1&A0A6S8E181.1&A0A6S8EXA7.1&A0A6S8G8R5.1
A0A6S8AJY1.1,A0A6S7ZH69.1&A0A6S7ZVF3.1&A0A6S8AJY1.1&A0A6S8BA01.1&A0A6S8E181.1&A0A6S8EXA7.1&A0A6S8G8R5.1
A0A6S8BA01.1,A0A6S7ZH69.1&A0A6S7ZVF3.1&A0A6S8AJY1.1&A0A6S8BA01.1&A0A6S8E181.1&A0A6S8EXA7.1&A0A6S8G8R5.1
A0A6S8E181.1,A0A6S7ZH69.1&A0A6S7ZVF3.1&A0A6S8AJY1.1&A0A6S8BA01.1&A0A6S8E181.1&A0A6S8EXA7.1&A0A6S8G8R5.1
A0A6S8EXA7.1,A0A6S7ZH69.1&A0A6S7ZVF3.1&A0A6S8AJY1.1&A0A6S8BA01.1&A0A6S8E181.1&A0A6S8EXA7.1&A0A6S8G8R5.1
A0A6S7ZI43.1,A0A6S7ZI43.1&A0A6S8DSA4.1
A0A6S8DSA4.1,A0A6S7ZI43.1&A0A6S8DSA4.1
A0A6S7ZI91.1,A0A6S7ZI91.1&A0A6S8GBU1.1
A0A6S8GBU1.1,A0A6S7ZI91.1&A0A6S8GBU1.1
A0A6S7ZI96.1,A0A6S7ZI96.1&A0A6S8G4M6.1
A0A6S8G4M6.1,A0A6S7ZI96.1&A0A6S8G4M6.1
A0A6S7ZIR2.1,A0A6S7ZIR2.1&A0A6S8ANF1.1&A0A6S8BPG7.1
A0A6S8ANF1.1,A0A6S7ZIR2.1&A0A6S8ANF1.1&A0A6S8BPG7.1
A0A6S8BPG7.1,A0A6S7ZIR2.1&A0A6S8ANF1.1&A0A6S8BPG7.1
A0A6S7ZIW7.1,A0A6S7ZIW7.1&A0A6S7ZTB9.1
A0A6S7ZTB9.1,A0A6S7ZIW7.1&A0A6S7ZTB9.1
A0A6S7ZJ20.1,A0A6S7ZJ20.1&A0A6S8AM19.1&A0A6S8AXZ4.1&A0A6S8B2I0.1&A0A6S8B520.1&A0A6S8BBK5.1&A0A6S8CDW5.1&A0A6S8G3S7.1
A0A6S8AM19.1,A0A6S7ZJ20.1&A0A6S8AM19.1&A0A6S8AXZ4.1&A0A6S8B2I0.1&A0A6S8B520.1&A0A6S8BBK5.1&A0A6S8CDW5.1&A0A6S8G3S7.1
A0A6S8AXZ4.1,A0A6S7ZJ20.1&A0A6S8AM19.1&A0A6S8AXZ4.1&A0A6S8B2I0.1&A0A6S8B520.1&A0A6S8BBK5.1&A0A6S8CDW5.1&A0A6S8G3S7.1
A0A6S8B2I0.1,A0A6S7ZJ20.1&A0A6S8AM19.1&A0A6S8AXZ4.1&A0A6S8B2I0.1&A0A6S8B520.1&A0A6S8BBK5.1&A0A6S8CDW5.1&A0A6S8G3S7.1
A0A6S8B520.1,A0A6S7ZJ20.1&A0A6S8AM19.1&A0A6S8AXZ4.1&A0A6S8B2I0.1&A0A6S8B520.1&A0A6S8BBK5.1&A0A6S8CDW5.1&A0A6S8G3S7.1
A0A6S8BBK5.1,A0A6S7ZJ20.1&A0A6S8AM19.1&A0A6S8AXZ4.1&A0A6S8B2I0.1&A0A6S8B520.1&A0A6S8BBK5.1&A0A6S8CDW5.1&A0A6S8G3S7.1
A0A6S7ZJE5.1,A0A6S7ZJE5.1&A0A6S8A1Q5.1&A0A6S8EFX5.1
A0A6S8A1Q5.1,A0A6S7ZJE5.1&A0A6S8A1Q5.1&A0A6S8EFX5.1
A0A6S8EFX5.1,A0A6S7ZJE5.1&A0A6S8A1Q5.1&A0A6S8EFX5.1
A0A6S7ZJJ4.1,A0A6S7ZJJ4.1&A0A6S8B2S0.1
A0A6S8B2S0.1,A0A6S7ZJJ4.1&A0A6S8B2S0.1
A0A6S7ZJL2.1,A0A6S7ZJL2.1&A0A6S8AQC2.1
A0A6S8AQC2.1,A0A6S7ZJL2.1&A0A6S8AQC2.1
A0A6S7ZK79.1,A0A6S7ZK79.1&A0A6S8AF43.1&A0A6S8CVK7.1
A0A6S8AF43.1,A0A6S7ZK79.1&A0A6S8AF43.1&A0A6S8CVK7.1
A0A6S8CVK7.1,A0A6S7ZK79.1&A0A6S8AF43.1&A0A6S8CVK7.1
A0A6S7ZKB2.1,A0A6S7ZKB2.1&A0A6S7ZYN0.1&A0A6S8A9W8.1&A0A6S8BP55.1&A0A6S8CKN5.1&A0A6S8DVR9.1&A0A6S8FE54.1
A0A6S7ZYN0.1,A0A6S7ZKB2.1&A0A6S7ZYN0.1&A0A6S8A9W8.1&A0A6S8BP55.1&A0A6S8CKN5.1&A0A6S8DVR9.1&A0A6S8FE54.1
A0A6S8A9W8.1,A0A6S7ZKB2.1&A0A6S7ZYN0.1&A0A6S8A9W8.1&A0A6S8BP55.1&A0A6S8CKN5.1&A0A6S8DVR9.1&A0A6S8FE54.1
A0A6S8BP55.1,A0A6S7ZKB2.1&A0A6S7ZYN0.1&A0A6S8A9W8.1&A0A6S8BP55.1&A0A6S8CKN5.1&A0A6S8DVR9.1&A0A6S8FE54.1
A0A6S8CKN5.1,A0A6S7ZKB2.1&A0A6S7ZYN0.1&A0A6S8A9W8.1&A0A6S8BP55.1&A0A6S8CKN5.1&A0A6S8DVR9.1&A0A6S8FE54.1
A0A6S8DVR9.1,A0A6S7ZKB2.1&A0A6S7ZYN0.1&A0A6S8A9W8.1&A0A6S8BP55.1&A0A6S8CKN5.1&A0A6S8DVR9.1&A0A6S8FE54.1
A0A6S7ZL08.1,A0A6S7ZL08.1&A0A6S8A4L3.1&A0A6S8BRE5.1&A0A6S8D3H4.1&A0A6S8FXK0.1&A0A6S8G412.1
A0A6S8A4L3.1,A0A6S7ZL08.1&A0A6S8A4L3.1&A0A6S8BRE5.1&A0A6S8D3H4.1&A0A6S8FXK0.1&A0A6S8G412.1
A0A6S8BRE5.1,A0A6S7ZL08.1&A0A6S8A4L3.1&A0A6S8BRE5.1&A0A6S8D3H4.1&A0A6S8FXK0.1&A0A6S8G412.1
A0A6S8D3H4.1,A0A6S7ZL08.1&A0A6S8A4L3.1&A0A6S8BRE5.1&A0A6S8D3H4.1&A0A6S8FXK0.1&A0A6S8G412.1
A0A6S8FXK0.1,A0A6S7ZL08.1&A0A6S8A4L3.1&A0A6S8BRE5.1&A0A6S8D3H4.1&A0A6S8FXK0.1&A0A6S8G412.1
A0A6S8G412.1,A0A6S7ZL08.1&A0A6S8A4L3.1&A0A6S8BRE5.1&A0A6S8D3H4.1&A0A6S8FXK0.1&A0A6S8G412.1
A0A6S7ZL21.1,A0A6S7ZL21.1&A0A6S8GDE5.1&A0A6S8GH36.1
A0A6S8GDE5.1,A0A6S7ZL21.1&A0A6S8GDE5.1&A0A6S8GH36.1
A0A6S8GH36.1,A0A6S7ZL21.1&A0A6S8GDE5.1&A0A6S8GH36.1
A0A6S7ZL30.1,A0A6S7ZL30.1&A0A6S8A473.1&A0A6S8AKA7.1&A0A6S8B7M9.1&A0A6S8DUM3.1&A0A6S8DW71.1&A0A6S8E9J7.1&A0A6S8EE20.1
A0A6S8A473.1,A0A6S7ZL30.1&A0A6S8A473.1&A0A6S8AKA7.1&A0A6S8B7M9.1&A0A6S8DUM3.1&A0A6S8DW71.1&A0A6S8E9J7.1&A0A6S8EE20.1
A0A6S8AKA7.1,A0A6S7ZL30.1&A0A6S8A473.1&A0A6S8AKA7.1&A0A6S8B7M9.1&A0A6S8DUM3.1&A0A6S8DW71.1&A0A6S8E9J7.1&A0A6S8EE20.1
A0A6S8B7M9.1,A0A6S7ZL30.1&A0A6S8A473.1&A0A6S8AKA7.1&A0A6S8B7M9.1&A0A6S8DUM3.1&A0A6S8DW71.1&A0A6S8E9J7.1&A0A6S8EE20.1
A0A6S8DUM3.1,A0A6S7ZL30.1&A0A6S8A473.1&A0A6S8AKA7.1&A0A6S8B7M9.1&A0A6S8DUM3.1&A0A6S8DW71.1&A0A6S8E9J7.1&A0A6S8EE20.1
A0A6S8DW71.1,A0A6S7ZL30.1&A0A6S8A473.1&A0A6S8AKA7.1&A0A6S8B7M9.1&A0A6S8DUM3.1&A0A6S8DW71.1&A0A6S8E9J7.1&A0A6S8EE20.1
A0A6S7ZL41.1,A0A6S7ZL41.1&A0A6S7ZNX3.1&A0A6S7ZUQ5.1&A0A6S7ZUY1.1&A0A6S7ZWC5.1&A0A6S8A0I2.1&A0A6S8A9L1.1&A0A6S8AAB1.1&A0A6S8AAC8.1&A0A6S8ADD8.1&A0A6S8AE23.1&A0A6S8AI98.1&A0A6S8AVJ1.1&A0A6S8AZ23.1&A0A6S8B1R6.1&A0A6S8B320.1&A0A6S8B9I9.1&A0A6S8BA30.1&A0A6S8BEH6.1&A0A6S8BPQ4.1&A0A6S8BQK2.1&A0A6S8BT42.1&A0A6S8BWN0.1&A0A6S8BXA6.1&A0A6S8C0Z2.1&A0A6S8C1Q8.1&A0A6S8CNZ9.1&A0A6S8DFR7.1&A0A6S8DHR7.1&A0A6S8DHS0.1&A0A6S8DIQ8.1&A0A6S8DSA7.1&A0A6S8DU74.1&A0A6S8DZM9.1&A0A6S8E589.1&A0A6S8EBL6.1&A0A6S8EFY1.1&A0A6S8EKZ9.1&A0A6S8ELE2.1&A0A6S8EM18.1&A0A6S8EPR3.1&A0A6S8EY25.1&A0A6S8F600.1&A0A6S8FAY3.1&A0A6S8FBP6.1&A0A6S8FRR3.1&A0A6S8FYB2.1&A0A6S8G2I7.1&A0A6S8G350.1&A0A6S8G689.1&A0A6S8G6U0.1
A0A6S7ZNX3.1,A0A6S7ZL41.1&A0A6S7ZNX3.1&A0A6S7ZUQ5.1&A0A6S7ZUY1.1&A0A6S7ZWC5.1&A0A6S8A0I2.1&A0A6S8A9L1.1&A0A6S8AAB1.1&A0A6S8AAC8.1&A0A6S8ADD8.1&A0A6S8AE23.1&A0A6S8AI98.1&A0A6S8AVJ1.1&A0A6S8AZ23.1&A0A6S8B1R6.1&A0A6S8B320.1&A0A6S8B9I9.1&A0A6S8BA30.1&A0A6S8BEH6.1&A0A6S8BPQ4.1&A0A6S8BQK2.1&A0A6S8BT42.1&A0A6S8BWN0.1&A0A6S8BXA6.1&A0A6S8C0Z2.1&A0A6S8C1Q8.1&A0A6S8CNZ9.1&A0A6S8DFR7.1&A0A6S8DHR7.1&A0A6S8DHS0.1&A0A6S8DIQ8.1&A0A6S8DSA7.1&A0A6S8DU74.1&A0A6S8DZM9.1&A0A6S8E589.1&A0A6S8EBL6.1&A0A6S8EFY1.1&A0A6S8EKZ9.1&A0A6S8ELE2.1&A0A6S8EM18.1&A0A6S8EPR3.1&A0A6S8EY25.1&A0A6S8F600.1&A0A6S8FAY3.1&A0A6S8FBP6.1&A0A6S8FRR3.1&A0A6S8FYB2.1&A0A6S8G2I7.1&A0A6S8G350.1&A0A6S8G689.1&A0A6S8G6U0.1
A0A6S7ZUQ5.1,A0A6S7ZL41.1&A0A6S7ZNX3.1&A0A6S7ZUQ5.1&A0A6S7ZUY1.1&A0A6S7ZWC5.1&A0A6S8A0I2.1&A0A6S8A9L1.1&A0A6S8AAB1.1&A0A6S8AAC8.1&A0A6S8ADD8.1&A0A6S8AE23.1&A0A6S8AI98.1&A0A6S8AVJ1.1&A0A6S8AZ23.1&A0A6S8B1R6.1&A0A6S8B320.1&A0A6S8B9I9.1&A0A6S8BA30.1&A0A6S8BEH6.1&A0A6S8BPQ4.1&A0A6S8BQK2.1&A0A6S8BT42.1&A0A6S8BWN0.1&A0A6S8BXA6.1&A0A6S8C0Z2.1&A0A6S8C1Q8.1&A0A6S8CNZ9.1&A0A6S8DFR7.1&A0A6S8DHR7.1&A0A6S8DHS0.1&A0A6S8DIQ8.1&A0A6S8DSA7.1&A0A6S8DU74.1&A0A6S8DZM9.1&A0A6S8E589.1&A0A6S8EBL6.1&A0A6S8EFY1.1&A0A6S8EKZ9.1&A0A6S8ELE2.1&A0A6S8EM18.1&A0A6S8EPR3.1&A0A6S8EY25.1&A0A6S8F600.1&A0A6S8FAY3.1&A0A6S8FBP6.1&A0A6S8FRR3.1&A0A6S8FYB2.1&A0A6S8G2I7.1&A0A6S8G350.1&A0A6S8G689.1&A0A6S8G6U0.1
A0A6S7ZUY1.1,A0A6S7ZL41.1&A0A6S7ZNX3.1&A0A6S7ZUQ5.1&A0A6S7ZUY1.1&A0A6S7ZWC5.1&A0A6S8A0I2.1&A0A6S8A9L1.1&A0A6S8AAB1.1&A0A6S8AAC8.1&A0A6S8ADD8.1&A0A6S8AE23.1&A0A6S8AI98.1&A0A6S8AVJ1.1&A0A6S8AZ23.1&A0A6S8B1R6.1&A0A6S8B320.1&A0A6S8B9I9.1&A0A6S8BA30.1&A0A6S8BEH6.1&A0A6S8BPQ4.1&A0A6S8BQK2.1&A0A6S8BT42.1&A0A6S8BWN0.1&A0A6S8BXA6.1&A0A6S8C0Z2.1&A0A6S8C1Q8.1&A0A6S8CNZ9.1&A0A6S8DFR7.1&A0A6S8DHR7.1&A0A6S8DHS0.1&A0A6S8DIQ8.1&A0A6S8DSA7.1&A0A6S8DU74.1&A0A6S8DZM9.1&A0A6S8E589.1&A0A6S8EBL6.1&A0A6S8EFY1.1&A0A6S8EKZ9.1&A0A6S8ELE2.1&A0A6S8EM18.1&A0A6S8EPR3.1&A0A6S8EY25.1&A0A6S8F600.1&A0A6S8FAY3.1&A0A6S8FBP6.1&A0A6S8FRR3.1&A0A6S8FYB2.1&A0A6S8G2I7.1&A0A6S8G350.1&A0A6S8G689.1&A0A6S8G6U0.1
A0A6S7ZWC5.1,A0A6S7ZL41.1&A0A6S7ZNX3.1&A0A6S7ZUQ5.1&A0A6S7ZUY1.1&A0A6S7ZWC5.1&A0A6S8A0I2.1&A0A6S8A9L1.1&A0A6S8AAB1.1&A0A6S8AAC8.1&A0A6S8ADD8.1&A0A6S8AE23.1&A0A6S8AI98.1&A0A6S8AVJ1.1&A0A6S8AZ23.1&A0A6S8B1R6.1&A0A6S8B320.1&A0A6S8B9I9.1&A0A6S8BA30.1&A0A6S8BEH6.1&A0A6S8BPQ4.1&A0A6S8BQK2.1&A0A6S8BT42.1&A0A6S8BWN0.1&A0A6S8BXA6.1&A0A6S8C0Z2.1&A0A6S8C1Q8.1&A0A6S8CNZ9.1&A0A6S8DFR7.1&A0A6S8DHR7.1&A0A6S8DHS0.1&A0A6S8DIQ8.1&A0A6S8DSA7.1&A0A6S8DU74.1&A0A6S8DZM9.1&A0A6S8E589.1&A0A6S8EBL6.1&A0A6S8EFY1.1&A0A6S8EKZ9.1&A0A6S8ELE2.1&A0A6S8EM18.1&A0A6S8EPR3.1&A0A6S8EY25.1&A0A6S8F600.1&A0A6S8FAY3.1&A0A6S8FBP6.1&A0A6S8FRR3.1&A0A6S8FYB2.1&A0A6S8G2I7.1&A0A6S8G350.1&A0A6S8G689.1&A0A6S8G6U0.1
A0A6S8A0I2.1,A0A6S7ZL41.1&A0A6S7ZNX3.1&A0A6S7ZUQ5.1&A0A6S7ZUY1.1&A0A6S7ZWC5.1&A0A6S8A0I2.1&A0A6S8A9L1.1&A0A6S8AAB1.1&A0A6S8AAC8.1&A0A6S8ADD8.1&A0A6S8AE23.1&A0A6S8AI98.1&A0A6S8AVJ1.1&A0A6S8AZ23.1&A0A6S8B1R6.1&A0A6S8B320.1&A0A6S8B9I9.1&A0A6S8BA30.1&A0A6S8BEH6.1&A0A6S8BPQ4.1&A0A6S8BQK2.1&A0A6S8BT42.1&A0A6S8BWN0.1&A0A6S8BXA6.1&A0A6S8C0Z2.1&A0A6S8C1Q8.1&A0A6S8CNZ9.1&A0A6S8DFR7.1&A0A6S8DHR7.1&A0A6S8DHS0.1&A0A6S8DIQ8.1&A0A6S8DSA7.1&A0A6S8DU74.1&A0A6S8DZM9.1&A0A6S8E589.1&A0A6S8EBL6.1&A0A6S8EFY1.1&A0A6S8EKZ9.1&A0A6S8ELE2.1&A0A6S8EM18.1&A0A6S8EPR3.1&A0A6S8EY25.1&A0A6S8F600.1&A0A6S8FAY3.1&A0A6S8FBP6.1&A0A6S8FRR3.1&A0A6S8FYB2.1&A0A6S8G2I7.1&A0A6S8G350.1&A0A6S8G689.1&A0A6S8G6U0.1
A0A6S7ZMB1.1,A0A6S7ZMB1.1&A0A6S8FVV7.1
A0A6S8FVV7.1,A0A6S7ZMB1.1&A0A6S8FVV7.1
A0A6S7ZMC6.1,A0A6S7ZMC6.1&A0A6S8ANG0.1
A0A6S8ANG0.1,A0A6S7ZMC6.1&A0A6S8ANG0.1
A0A6S7ZMN3.1,A0A6S7ZMN3.1&A0A6S7ZQZ4.1
A0A6S7ZQZ4.1,A0A6S7ZMN3.1&A0A6S7ZQZ4.1
A0A6S7ZMV5.1,A0A6S7ZMV5.1&A0A6S8DZJ3.1&A0A6S8E577.1&A0A6S8E961.1&A0A6S8EJQ3.1
A0A6S8DZJ3.1,A0A6S7ZMV5.1&A0A6S8DZJ3.1&A0A6S8E577.1&A0A6S8E961.1&A0A6S8EJQ3.1
A0A6S8E577.1,A0A6S7ZMV5.1&A0A6S8DZJ3.1&A0A6S8E577.1&A0A6S8E961.1&A0A6S8EJQ3.1
A0A6S8E961.1,A0A6S7ZMV5.1&A0A6S8DZJ3.1&A0A6S8E577.1&A0A6S8E961.1&A0A6S8EJQ3.1
A0A6S8EJQ3.1,A0A6S7ZMV5.1&A0A6S8DZJ3.1&A0A6S8E577.1&A0A6S8E961.1&A0A6S8EJQ3.1
A0A6S7ZN30.1,A0A6S7ZN30.1&A0A6S8B5G9.1
A0A6S8B5G9.1,A0A6S7ZN30.1&A0A6S8B5G9.1
A0A6S7ZNE2.1,A0A6S7ZNE2.1&A0A6S7ZQI5.1&A0A6S7ZYR2.1&A0A6S8AN45.1&A0A6S8B0B8.1&A0A6S8BE89.1&A0A6S8BPF1.1&A0A6S8CJU9.1&A0A6S8ELL8.1&A0A6S8EME1.1&A0A6S8ER24.1&A0A6S8G2V0.1&A0A6S8G4I4.1&A0A6S8GTK2.1
A0A6S7ZQI5.1,A0A6S7ZNE2.1&A0A6S7ZQI5.1&A0A6S7ZYR2.1&A0A6S8AN45.1&A0A6S8B0B8.1&A0A6S8BE89.1&A0A6S8BPF1.1&A0A6S8CJU9.1&A0A6S8ELL8.1&A0A6S8EME1.1&A0A6S8ER24.1&A0A6S8G2V0.1&A0A6S8G4I4.1&A0A6S8GTK2.1
A0A6S7ZYR2.1,A0A6S7ZNE2.1&A0A6S7ZQI5.1&A0A6S7ZYR2.1&A0A6S8AN45.1&A0A6S8B0B8.1&A0A6S8BE89.1&A0A6S8BPF1.1&A0A6S8CJU9.1&A0A6S8ELL8.1&A0A6S8EME1.1&A0A6S8ER24.1&A0A6S8G2V0.1&A0A6S8G4I4.1&A0A6S8GTK2.1
A0A6S8AN45.1,A0A6S7ZNE2.1&A0A6S7ZQI5.1&A0A6S7ZYR2.1&A0A6S8AN45.1&A0A6S8B0B8.1&A0A6S8BE89.1&A0A6S8BPF1.1&A0A6S8CJU9.1&A0A6S8ELL8.1&A0A6S8EME1.1&A0A6S8ER24.1&A0A6S8G2V0.1&A0A6S8G4I4.1&A0A6S8GTK2.1
A0A6S8B0B8.1,A0A6S7ZNE2.1&A0A6S7ZQI5.1&A0A6S7ZYR2.1&A0A6S8AN45.1&A0A6S8B0B8.1&A0A6S8BE89.1&A0A6S8BPF1.1&A0A6S8CJU9.1&A0A6S8ELL8.1&A0A6S8EME1.1&A0A6S8ER24.1&A0A6S8G2V0.1&A0A6S8G4I4.1&A0A6S8GTK2.1
A0A6S8BE89.1,A0A6S7ZNE2.1&A0A6S7ZQI5.1&A0A6S7ZYR2.1&A0A6S8AN45.1&A0A6S8B0B8.1&A0A6S8BE89.1&A0A6S8BPF1.1&A0A6S8CJU9.1&A0A6S8ELL8.1&A0A6S8EME1.1&A0A6S8ER24.1&A0A6S8G2V0.1&A0A6S8G4I4.1&A0A6S8GTK2.1
A0A6S7ZNF1.1,A0A6S7ZNF1.1&A0A6S8BLM9.1&A0A6S8C8B2.1
A0A6S8BLM9.1,A0A6S7ZNF1.1&A0A6S8BLM9.1&A0A6S8C8B2.1
A0A6S8C8B2.1,A0A6S7ZNF1.1&A0A6S8BLM9.1&A0A6S8C8B2.1
A0A6S7ZNL9.1,A0A6S7ZNL9.1&A0A6S7ZVS4.1&A0A6S7ZYF7.1&A0A6S8A6L8.1&A0A6S8ABA4.1&A0A6S8AGE6.1&A0A6S8ARW7.1&A0A6S8ATM8.1&A0A6S8B2F6.1&A0A6S8B2V5.1&A0A6S8C8C9.1&A0A6S8C8M0.1&A0A6S8DLE8.1&A0A6S8DXC6.1&A0A6S8DYT4.1
A0A6S7ZVS4.1,A0A6S7ZNL9.1&A0A6S7ZVS4.1&A0A6S7ZYF7.1&A0A6S8A6L8.1&A0A6S8ABA4.1&A0A6S8AGE6.1&A0A6S8ARW7.1&A0A6S8ATM8.1&A0A6S8B2F6.1&A0A6S8B2V5.1&A0A6S8C8C9.1&A0A6S8C8M0.1&A0A6S8DLE8.1&A0A6S8DXC6.1&A0A6S8DYT4.1
A0A6S7ZYF7.1,A0A6S7ZNL9.1&A0A6S7ZVS4.1&A0A6S7ZYF7.1&A0A6S8A6L8.1&A0A6S8ABA4.1&A0A6S8AGE6.1&A0A6S8ARW7.1&A0A6S8ATM8.1&A0A6S8B2F6.1&A0A6S8B2V5.1&A0A6S8C8C9.1&A0A6S8C8M0.1&A0A6S8DLE8.1&A0A6S8DXC6.1&A0A6S8DYT4.1
A0A6S8A6L8.1,A0A6S7ZNL9.1&A0A6S7ZVS4.1&A0A6S7ZYF7.1&A0A6S8A6L8.1&A0A6S8ABA4.1&A0A6S8AGE6.1&A0A6S8ARW7.1&A0A6S8ATM8.1&A0A6S8B2F6.1&A0A6S8B2V5.1&A0A6S8C8C9.1&A0A6S8C8M0.1&A0A6S8DLE8.1&A0A6S8DXC6.1&A0A6S8DYT4.1
A0A6S8ABA4.1,A0A6S7ZNL9.1&A0A6S7ZVS4.1&A0A6S7ZYF7.1&A0A6S8A6L8.1&A0A6S8ABA4.1&A0A6S8AGE6.1&A0A6S8ARW7.1&A0A6S8ATM8.1&A0A6S8B2F6.1&A0A6S8B2V5.1&A0A6S8C8C9.1&A0A6S8C8M0.1&A0A6S8DLE8.1&A0A6S8DXC6.1&A0A6S8DYT4.1
A0A6S8AGE6.1,A0A6S7ZNL9.1&A0A6S7ZVS4.1&A0A6S7ZYF7.1&A0A6S8A6L8.1&A0A6S8ABA4.1&A0A6S8AGE6.1&A0A6S8ARW7.1&A0A6S8ATM8.1&A0A6S8B2F6.1&A0A6S8B2V5.1&A0A6S8C8C9.1&A0A6S8C8M0.1&A0A6S8DLE8.1&A0A6S8DXC6.1&A0A6S8DYT4.1
A0A6S7ZNY6.1,A0A6S7ZNY6.1&A0A6S8FI21.1
A0A6S8FI21.1,A0A6S7ZNY6.1&A0A6S8FI21.1
A0A6S7ZNZ2.1,A0A6S7ZNZ2.1&A0A6S7ZQ83.1&A0A6S7ZSJ0.1&A0A6S8AF21.1&A0A6S8CCU0.1&A0A6S8CGZ4.1&A0A6S8CW16.1&A0A6S8CW83.1&A0A6S8EMI9.1&A0A6S8EPB3.1&A0A6S8G790.1&A0A6S8GCU9.1
A0A6S7ZQ83.1,A0A6S7ZNZ2.1&A0A6S7ZQ83.1&A0A6S7ZSJ0.1&A0A6S8AF21.1&A0A6S8CCU0.1&A0A6S8CGZ4.1&A0A6S8CW16.1&A0A6S8CW83.1&A0A6S8EMI9.1&A0A6S8EPB3.1&A0A6S8G790.1&A0A6S8GCU9.1
A0A6S7ZSJ0.1,A0A6S7ZNZ2.1&A0A6S7ZQ83.1&A0A6S7ZSJ0.1&A0A6S8AF21.1&A0A6S8CCU0.1&A0A6S8CGZ4.1&A0A6S8CW16.1&A0A6S8CW83.1&A0A6S8EMI9.1&A0A6S8EPB3.1&A0A6S8G790.1&A0A6S8GCU9.1
A0A6S8AF21.1,A0A6S7ZNZ2.1&A0A6S7ZQ83.1&A0A6S7ZSJ0.1&A0A6S8AF21.1&A0A6S8CCU0.1&A0A6S8CGZ4.1&A0A6S8CW16.1&A0A6S8CW83.1&A0A6S8EMI9.1&A0A6S8EPB3.1&A0A6S8G790.1&A0A6S8GCU9.1
A0A6S8CCU0.1,A0A6S7ZNZ2.1&A0A6S7ZQ83.1&A0A6S7ZSJ0.1&A0A6S8AF21.1&A0A6S8CCU0.1&A0A6S8CGZ4.1&A0A6S8CW16.1&A0A6S8CW83.1&A0A6S8EMI9.1&A0A6S8EPB3.1&A0A6S8G790.1&A0A6S8GCU9.1
A0A6S8CGZ4.1,A0A6S7ZNZ2.1&A0A6S7ZQ83.1&A0A6S7ZSJ0.1&A0A6S8AF21.1&A0A6S8CCU0.1&A0A6S8CGZ4.1&A0A6S8CW16.1&A0A6S8CW83.1&A0A6S8EMI9.1&A0A6S8EPB3.1&A0A6S8G790.1&A0A6S8GCU9.1
A0A6S7ZP73.1,A0A6S7ZP73.1&A0A6S8AKB0.1&A0A6S8CPG5.1&A0A6S8GAS0.1
A0A6S8AKB0.1,A0A6S7ZP73.1&A0A6S8AKB0.1&A0A6S8CPG5.1&A0A6S8GAS0.1
A0A6S8CPG5.1,A0A6S7ZP73.1&A0A6S8AKB0.1&A0A6S8CPG5.1&A0A6S8GAS0.1
A0A6S8GAS0.1,A0A6S7ZP73.1&A0A6S8AKB0.1&A0A6S8CPG5.1&A0A6S8GAS0.1
A0A6S7ZPJ3.1,A0A6S7ZPJ3.1&A0A6S8FYP5.1
A0A6S8FYP5.1,A0A6S7ZPJ3.1&A0A6S8FYP5.1
A0A6S7ZPS1.1,A0A6S7ZPS1.1&A0A6S8EWX7.1
A0A6S8EWX7.1,A0A6S7ZPS1.1&A0A6S8EWX7.1
A0A6S7ZPX6.1,A0A6S7ZPX6.1&A0A6S8ACH8.1&A0A6S8AJQ4.1&A0A6S8AYF1.1&A0A6S8C3V9.1&A0A6S8C691.1&A0A6S8DWC8.1
A0A6S8ACH8.1,A0A6S7ZPX6.1&A0A6S8ACH8.1&A0A6S8AJQ4.1&A0A6S8AYF1.1&A0A6S8C3V9.1&A0A6S8C691.1&A0A6S8DWC8.1
A0A6S8AJQ4.1,A0A6S7ZPX6.1&A0A6S8ACH8.1&A0A6S8AJQ4.1&A0A6S8AYF1.1&A0A6S8C3V9.1&A0A6S8C691.1&A0A6S8DWC8.1
A0A6S8AYF1.1,A0A6S7ZPX6.1&A0A6S8ACH8.1&A0A6S8AJQ4.1&A0A6S8AYF1.1&A0A6S8C3V9.1&A0A6S8C691.1&A0A6S8DWC8.1
A0A6S8C3V9.1,A0A6S7ZPX6.1&A0A6S8ACH8.1&A0A6S8AJQ4.1&A0A6S8AYF1.1&A0A6S8C3V9.1&A0A6S8C691.1&A0A6S8DWC8.1
A0A6S8C691.1,A0A6S7ZPX6.1&A0A6S8ACH8.1&A0A6S8AJQ4.1&A0A6S8AYF1.1&A0A6S8C3V9.1&A0A6S8C691.1&A0A6S8DWC8.1
A0A6S7ZQB6.1,A0A6S7ZQB6.1&A0A6S8ACU7.1
A0A6S8ACU7.1,A0A6S7ZQB6.1&A0A6S8ACU7.1
A0A6S7ZQM8.1,A0A6S7ZQM8.1&A0A6S7ZVT3.1
A0A6S7ZVT3.1,A0A6S7ZQM8.1&A0A6S7ZVT3.1
A0A6S7ZQQ4.1,A0A6S7ZQQ4.1&A0A6S7ZRX9.1&A0A6S8BEM0.1
A0A6S7ZRX9.1,A0A6S7ZQQ4.1&A0A6S7ZRX9.1&A0A6S8BEM0.1
A0A6S8BEM0.1,A0A6S7ZQQ4.1&A0A6S7ZRX9.1&A0A6S8BEM0.1
A0A6S7ZQX9.1,A0A6S7ZQX9.1&A0A6S8ATY3.1
A0A6S8ATY3.1,A0A6S7ZQX9.1&A0A6S8ATY3.1
A0A6S7ZR76.1,A0A6S7ZR76.1&A0A6S8A543.1&A0A6S8AN11.1&A0A6S8G383.1
A0A6S8A543.1,A0A6S7ZR76.1&A0A6S8A543.1&A0A6S8AN11.1&A0A6S8G383.1
A0A6S8AN11.1,A0A6S7ZR76.1&A0A6S8A543.1&A0A6S8AN11.1&A0A6S8G383.1
A0A6S8G383.1,A0A6S7ZR76.1&A0A6S8A543.1&A0A6S8AN11.1&A0A6S8G383.1
A0A6S7ZR91.1,A0A6S7ZR91.1&A0A6S8C2R9.1
A0A6S8C2R9.1,A0A6S7ZR91.1&A0A6S8C2R9.1
A0A6S7ZRS1.1,A0A6S7ZRS1.1&A0A6S8DUP1.1
A0A6S8DUP1.1,A0A6S7ZRS1.1&A0A6S8DUP1.1
A0A6S7ZS84.1,A0A6S7ZS84.1&A0A6S7ZVQ7.1&A0A6S8BDX2.1&A0A6S8BRM1.1&A0A6S8DMD4.1&A0A6S8DMP4.1&A0A6S8DV16.1&A0A6S8EVW3.1&A0A6S8G303.1
A0A6S7ZVQ7.1,A0A6S7ZS84.1&A0A6S7ZVQ7.1&A0A6S8BDX2.1&A0A6S8BRM1.1&A0A6S8DMD4.1&A0A6S8DMP4.1&A0A6S8DV16.1&A0A6S8EVW3.1&A0A6S8G303.1
A0A6S8BDX2.1,A0A6S7ZS84.1&A0A6S7ZVQ7.1&A0A6S8BDX2.1&A0A6S8BRM1.1&A0A6S8DMD4.1&A0A6S8DMP4.1&A0A6S8DV16.1&A0A6S8EVW3.1&A0A6S8G303.1
A0A6S8BRM1.1,A0A6S7ZS84.1&A0A6S7ZVQ7.1&A0A6S8BDX2.1&A0A6S8BRM1.1&A0A6S8DMD4.1&A0A6S8DMP4.1&A0A6S8DV16.1&A0A6S8EVW3.1&A0A6S8G303.1
A0A6S8DMD4.1,A0A6S7ZS84.1&A0A6S7ZVQ7.1&A0A6S8BDX2.1&A0A6S8BRM1.1&A0A6S8DMD4.1&A0A6S8DMP4.1&A0A6S8DV16.1&A0A6S8EVW3.1&A0A6S8G303.1
A0A6S8DMP4.1,A0A6S7ZS84.1&A0A6S7ZVQ7.1&A0A6S8BDX2.1&A0A6S8BRM1.1&A0A6S8DMD4.1&A0A6S8DMP4.1&A0A6S8DV16.1&A0A6S8EVW3.1&A0A6S8G303.1
A0A6S7ZSB3.1,A0A6S7ZSB3.1&A0A6S8AY06.1
A0A6S8AY06.1,A0A6S7ZSB3.1&A0A6S8AY06.1
A0A6S7ZSE8.1,A0A6S7ZSE8.1&A0A6S8AJB2.1&A0A6S8ERA7.1
A0A6S8AJB2.1,A0A6S7ZSE8.1&A0A6S8AJB2.1&A0A6S8ERA7.1
A0A6S8ERA7.1,A0A6S7ZSE8.1&A0A6S8AJB2.1&A0A6S8ERA7.1
A0A6S7ZSG4.1,A0A6S7ZSG4.1&A0A6S8B241.1&A0A6S8CU85.1&A0A6S8DZB6.1&A0A6S8FBY9.1&A0A6S8GTE7.1
A0A6S8B241.1,A0A6S7ZSG4.1&A0A6S8B241.1&A0A6S8CU85.1&A0A6S8DZB6.1&A0A6S8FBY9.1&A0A6S8GTE7.1
A0A6S8CU85.1,A0A6S7ZSG4.1&A0A6S8B241.1&A0A6S8CU85.1&A0A6S8DZB6.1&A0A6S8FBY9.1&A0A6S8GTE7.1
A0A6S8DZB6.1,A0A6S7ZSG4.1&A0A6S8B241.1&A0A6S8CU85.1&A0A6S8DZB6.1&A0A6S8FBY9.1&A0A6S8GTE7.1
A0A6S8FBY9.1,A0A6S7ZSG4.1&A0A6S8B241.1&A0A6S8CU85.1&A0A6S8DZB6.1&A0A6S8FBY9.1&A0A6S8GTE7.1
A0A6S8GTE7.1,A0A6S7ZSG4.1&A0A6S8B241.1&A0A6S8CU85.1&A0A6S8DZB6.1&A0A6S8FBY9.1&A0A6S8GTE7.1
A0A6S7ZSP5.1,A0A6S7ZSP5.1&A0A6S8AQ09.1
A0A6S8AQ09.1,A0A6S7ZSP5.1&A0A6S8AQ09.1
A0A6S7ZT18.1,A0A6S7ZT18.1&A0A6S8ASL3.1&A0A6S8F802.1
A0A6S8ASL3.1,A0A6S7ZT18.1&A0A6S8ASL3.1&A0A6S8F802.1
A0A6S8F802.1,A0A6S7ZT18.1&A0A6S8ASL3.1&A0A6S8F802.1
A0A6S7ZT39.1,A0A6S7ZT39.1&A0A6S8BDN9.1
A0A6S8BDN9.1,A0A6S7ZT39.1&A0A6S8BDN9.1
A0A6S7ZTB1.1,A0A6S7ZTB1.1&A0A6S8EEN6.1
A0A6S8EEN6.1,A0A6S7ZTB1.1&A0A6S8EEN6.1
A0A6S7ZTF3.1,A0A6S7ZTF3.1&A0A6S8B9D2.1
A0A6S8B9D2.1,A0A6S7ZTF3.1&A0A6S8B9D2.1
A0A6S7ZTM4.1,A0A6S7ZTM4.1&A0A6S8CLV1.1&A0A6S8CQQ5.1
A0A6S8CLV1.1,A0A6S7ZTM4.1&A0A6S8CLV1.1&A0A6S8CQQ5.1
A0A6S8CQQ5.1,A0A6S7ZTM4.1&A0A6S8CLV1.1&A0A6S8CQQ5.1
A0A6S7ZUB9.1,A0A6S7ZUB9.1&A0A6S7ZZJ3.1&A0A6S8BAE4.1&A0A6S8D7J8.1
A0A6S7ZZJ3.1,A0A6S7ZUB9.1&A0A6S7ZZJ3.1&A0A6S8BAE4.1&A0A6S8D7J8.1
A0A6S8BAE4.1,A0A6S7ZUB9.1&A0A6S7ZZJ3.1&A0A6S8BAE4.1&A0A6S8D7J8.1
A0A6S8D7J8.1,A0A6S7ZUB9.1&A0A6S7ZZJ3.1&A0A6S8BAE4.1&A0A6S8D7J8.1
A0A6S7ZUC3.1,A0A6S7ZUC3.1&A0A6S8BBC5.1&A0A6S8FV94.1
A0A6S8BBC5.1,A0A6S7ZUC3.1&A0A6S8BBC5.1&A0A6S8FV94.1
A0A6S8FV94.1,A0A6S7ZUC3.1&A0A6S8BBC5.1&A0A6S8FV94.1
A0A6S7ZUM2.1,A0A6S7ZUM2.1&A0A6S8ABK1.1&A0A6S8G8J5.1
A0A6S8ABK1.1,A0A6S7ZUM2.1&A0A6S8ABK1.1&A0A6S8G8J5.1
A0A6S8G8J5.1,A0A6S7ZUM2.1&A0A6S8ABK1.1&A0A6S8G8J5.1
A0A6S7ZUT4.1,A0A6S7ZUT4.1&A0A6S8G047.1
A0A6S8G047.1,A0A6S7ZUT4.1&A0A6S8G047.1
A0A6S7ZV10.1,A0A6S7ZV10.1&A0A6S8AQT0.1
A0A6S8AQT0.1,A0A6S7ZV10.1&A0A6S8AQT0.1
A0A6S7ZW45.1,A0A6S7ZW45.1&A0A6S8EEA1.1&A0A6S8EI50.1&A0A6S8F2Q2.1
A0A6S8EEA1.1,A0A6S7ZW45.1&A0A6S8EEA1.1&A0A6S8EI50.1&A0A6S8F2Q2.1
A0A6S8EI50.1,A0A6S7ZW45.1&A0A6S8EEA1.1&A0A6S8EI50.1&A0A6S8F2Q2.1
A0A6S8F2Q2.1,A0A6S7ZW45.1&A0A6S8EEA1.1&A0A6S8EI50.1&A0A6S8F2Q2.1
A0A6S7ZW85.1,A0A6S7ZW85.1&A0A6S8AQ63.1&A0A6S8AV67.1&A0A6S8D3Z7.1&A0A6S8DS66.1&A0A6S8DST5.1
A0A6S8AQ63.1,A0A6S7ZW85.1&A0A6S8AQ63.1&A0A6S8AV67.1&A0A6S8D3Z7.1&A0A6S8DS66.1&A0A6S8DST5.1
A0A6S8AV67.1,A0A6S7ZW85.1&A0A6S8AQ63.1&A0A6S8AV67.1&A0A6S8D3Z7.1&A0A6S8DS66.1&A0A6S8DST5.1
A0A6S8D3Z7.1,A0A6S7ZW85.1&A0A6S8AQ63.1&A0A6S8AV67.1&A0A6S8D3Z7.1&A0A6S8DS66.1&A0A6S8DST5.1
A0A6S8DS66.1,A0A6S7ZW85.1&A0A6S8AQ63.1&A0A6S8AV67.1&A0A6S8D3Z7.1&A0A6S8DS66.1&A0A6S8DST5.1
A0A6S8DST5.1,A0A6S7ZW85.1&A0A6S8AQ63.1&A0A6S8AV67.1&A0A6S8D3Z7.1&A0A6S8DS66.1&A0A6S8DST5.1
A0A6S7ZWC6.1,A0A6S7ZWC6.1&A0A6S8BJH8.1
A0A6S8BJH8.1,A0A6S7ZWC6.1&A0A6S8BJH8.1
A0A6S7ZWH1.1,A0A6S7ZWH1.1&A0A6S8AJQ6.1
A0A6S8AJQ6.1,A0A6S7ZWH1.1&A0A6S8AJQ6.1
A0A6S7ZX45.1,A0A6S7ZX45.1&A0A6S8B2D5.1
A0A6S8B2D5.1,A0A6S7ZX45.1&A0A6S8B2D5.1
A0A6S7ZXD5.1,A0A6S7ZXD5.1&A0A6S8D0T9.1
A0A6S8D0T9.1,A0A6S7ZXD5.1&A0A6S8D0T9.1
A0A6S7ZXG2.1,A0A6S7ZXG2.1&A0A6S8BKH7.1
A0A6S8BKH7.1,A0A6S7ZXG2.1&A0A6S8BKH7.1
A0A6S7ZXJ7.1,A0A6S7ZXJ7.1&A0A6S8F3X6.1
A0A6S8F3X6.1,A0A6S7ZXJ7.1&A0A6S8F3X6.1
A0A6S7ZXJ9.1,A0A6S7ZXJ9.1&A0A6S8ERR5.1
A0A6S8ERR5.1,A0A6S7ZXJ9.1&A0A6S8ERR5.1
A0A6S7ZY73.1,A0A6S7ZY73.1&A0A6S8A7D0.1&A0A6S8AUG3.1
A0A6S8A7D0.1,A0A6S7ZY73.1&A0A6S8A7D0.1&A0A6S8AUG3.1
A0A6S8AUG3.1,A0A6S7ZY73.1&A0A6S8A7D0.1&A0A6S8AUG3.1
A0A6S7ZY97.1,A0A6S7ZY97.1&A0A6S8AA57.1
A0A6S8AA57.1,A0A6S7ZY97.1&A0A6S8AA57.1
A0A6S7ZYS9.1,A0A6S7ZYS9.1&A0A6S8AVC4.1&A0A6S8C1X5.1
A0A6S8AVC4.1,A0A6S7ZYS9.1&A0A6S8AVC4.1&A0A6S8C1X5.1
A0A6S8C1X5.1,A0A6S7ZYS9.1&A0A6S8AVC4.1&A0A6S8C1X5.1
A0A6S7ZZ82.1,A0A6S7ZZ82.1&A0A6S8ADZ2.1&A0A6S8AUU9.1&A0A6S8CC77.1&A0A6S8DBA1.1
A0A6S8ADZ2.1,A0A6S7ZZ82.1&A0A6S8ADZ2.1&A0A6S8AUU9.1&A0A6S8CC77.1&A0A6S8DBA1.1
A0A6S8AUU9.1,A0A6S7ZZ82.1&A0A6S8ADZ2.1&A0A6S8AUU9.1&A0A6S8CC77.1&A0A6S8DBA1.1
A0A6S8CC77.1,A0A6S7ZZ82.1&A0A6S8ADZ2.1&A0A6S8AUU9.1&A0A6S8CC77.1&A0A6S8DBA1.1
A0A6S8DBA1.1,A0A6S7ZZ82.1&A0A6S8ADZ2.1&A0A6S8AUU9.1&A0A6S8CC77.1&A0A6S8DBA1.1
A0A6S7ZZI1.1,A0A6S7ZZI1.1&A0A6S8DPA8.1
A0A6S8DPA8.1,A0A6S7ZZI1.1&A0A6S8DPA8.1
A0A6S7ZZM8.1,A0A6S7ZZM8.1&A0A6S8AGQ3.1
A0A6S8AGQ3.1,A0A6S7ZZM8.1&A0A6S8AGQ3.1
A0A6S7ZZS3.1,A0A6S7ZZS3.1&A0A6S8DTX5.1
A0A6S8DTX5.1,A0A6S7ZZS3.1&A0A6S8DTX5.1
A0A6S8A097.1,A0A6S8A097.1&A0A6S8CXJ0.1
A0A6S8CXJ0.1,A0A6S8A097.1&A0A6S8CXJ0.1
A0A6S8A0B8.1,A0A6S8A0B8.1&A0A6S8FZE9.1
A0A6S8FZE9.1,A0A6S8A0B8.1&A0A6S8FZE9.1
A0A6S8A0W4.1,A0A6S8A0W4.1&A0A6S8A4M1.1&A0A6S8A6G0.1&A0A6S8ATV7.1&A0A6S8AU43.1&A0A6S8AX00.1&A0A6S8B0B7.1&A0A6S8BV77.1&A0A6S8CMA4.1&A0A6S8D436.1&A0A6S8D8P1.1&A0A6S8G992.1
A0A6S8A4M1.1,A0A6S8A0W4.1&A0A6S8A4M1.1&A0A6S8A6G0.1&A0A6S8ATV7.1&A0A6S8AU43.1&A0A6S8AX00.1&A0A6S8B0B7.1&A0A6S8BV77.1&A0A6S8CMA4.1&A0A6S8D436.1&A0A6S8D8P1.1&A0A6S8G992.1
A0A6S8A6G0.1,A0A6S8A0W4.1&A0A6S8A4M1.1&A0A6S8A6G0.1&A0A6S8ATV7.1&A0A6S8AU43.1&A0A6S8AX00.1&A0A6S8B0B7.1&A0A6S8BV77.1&A0A6S8CMA4.1&A0A6S8D436.1&A0A6S8D8P1.1&A0A6S8G992.1
A0A6S8ATV7.1,A0A6S8A0W4.1&A0A6S8A4M1.1&A0A6S8A6G0.1&A0A6S8ATV7.1&A0A6S8AU43.1&A0A6S8AX00.1&A0A6S8B0B7.1&A0A6S8BV77.1&A0A6S8CMA4.1&A0A6S8D436.1&A0A6S8D8P1.1&A0A6S8G992.1
A0A6S8AU43.1,A0A6S8A0W4.1&A0A6S8A4M1.1&A0A6S8A6G0.1&A0A6S8ATV7.1&A0A6S8AU43.1&A0A6S8AX00.1&A0A6S8B0B7.1&A0A6S8BV77.1&A0A6S8CMA4.1&A0A6S8D436.1&A0A6S8D8P1.1&A0A6S8G992.1
A0A6S8AX00.1,A0A6S8A0W4.1&A0A6S8A4M1.1&A0A6S8A6G0.1&A0A6S8ATV7.1&A0A6S8AU43.1&A0A6S8AX00.1&A0A6S8B0B7.1&A0A6S8BV77.1&A0A6S8CMA4.1&A0A6S8D436.1&A0A6S8D8P1.1&A0A6S8G992.1
A0A6S8A1M4.1,A0A6S8A1M4.1&A0A6S8AJM5.1&A0A6S8F9K2.1
A0A6S8AJM5.1,A0A6S8A1M4.1&A0A6S8AJM5.1&A0A6S8F9K2.1
A0A6S8F9K2.1,A0A6S8A1M4.1&A0A6S8AJM5.1&A0A6S8F9K2.1
A0A6S8A1P1.1,A0A6S8A1P1.1&A0A6S8AJ73.1&A0A6S8C0Y5.1&A0A6S8DMC9.1
A0A6S8AJ73.1,A0A6S8A1P1.1&A0A6S8AJ73.1&A0A6S8C0Y5.1&A0A6S8DMC9.1
A0A6S8C0Y5.1,A0A6S8A1P1.1&A0A6S8AJ73.1&A0A6S8C0Y5.1&A0A6S8DMC9.1
A0A6S8DMC9.1,A0A6S8A1P1.1&A0A6S8AJ73.1&A0A6S8C0Y5.1&A0A6S8DMC9.1
A0A6S8A235.1,A0A6S8A235.1&A0A6S8BFZ5.1
A0A6S8BFZ5.1,A0A6S8A235.1&A0A6S8BFZ5.1
A0A6S8A2Q1.1,A0A6S8A2Q1.1&A0A6S8A788.1&A0A6S8APR5.1&A0A6S8BXK0.1&A0A6S8BZ68.1&A0A6S8CDH7.1&A0A6S8CR03.1&A0A6S8D3Y0.1&A0A6S8D608.1&A0A6S8DH95.1&A0A6S8DSE8.1&A0A6S8DVQ6.1&A0A6S8EA30.1&A0A6S8EKQ8.1&A0A6S8EMD9.1&A0A6S8EPQ5.1&A0A6S8EVB6.1&A0A6S8EZF6.1&A0A6S8EZN6.1&A0A6S8F7N2.1&A0A6S8FIR1.1&A0A6S8FK74.1&A0A6S8FQD7.1&A0A6S8FXF3.1
A0A6S8A788.1,A0A6S8A2Q1.1&A0A6S8A788.1&A0A6S8APR5.1&A0A6S8BXK0.1&A0A6S8BZ68.1&A0A6S8CDH7.1&A0A6S8CR03.1&A0A6S8D3Y0.1&A0A6S8D608.1&A0A6S8DH95.1&A0A6S8DSE8.1&A0A6S8DVQ6.1&A0A6S8EA30.1&A0A6S8EKQ8.1&A0A6S8EMD9.1&A0A6S8EPQ5.1&A0A6S8EVB6.1&A0A6S8EZF6.1&A0A6S8EZN6.1&A0A6S8F7N2.1&A0A6S8FIR1.1&A0A6S8FK74.1&A0A6S8FQD7.1&A0A6S8FXF3.1
A0A6S8APR5.1,A0A6S8A2Q1.1&A0A6S8A788.1&A0A6S8APR5.1&A0A6S8BXK0.1&A0A6S8BZ68.1&A0A6S8CDH7.1&A0A6S8CR03.1&A0A6S8D3Y0.1&A0A6S8D608.1&A0A6S8DH95.1&A0A6S8DSE8.1&A0A6S8DVQ6.1&A0A6S8EA30.1&A0A6S8EKQ8.1&A0A6S8EMD9.1&A0A6S8EPQ5.1&A0A6S8EVB6.1&A0A6S8EZF6.1&A0A6S8EZN6.1&A0A6S8F7N2.1&A0A6S8FIR1.1&A0A6S8FK74.1&A0A6S8FQD7.1&A0A6S8FXF3.1
A0A6S8BXK0.1,A0A6S8A2Q1.1&A0A6S8A788.1&A0A6S8APR5.1&A0A6S8BXK0.1&A0A6S8BZ68.1&A0A6S8CDH7.1&A0A6S8CR03.1&A0A6S8D3Y0.1&A0A6S8D608.1&A0A6S8DH95.1&A0A6S8DSE8.1&A0A6S8DVQ6.1&A0A6S8EA30.1&A0A6S8EKQ8.1&A0A6S8EMD9.1&A0A6S8EPQ5.1&A0A6S8EVB6.1&A0A6S8EZF6.1&A0A6S8EZN6.1&A0A6S8F7N2.1&A0A6S8FIR1.1&A0A6S8FK74.1&A0A6S8FQD7.1&A0A6S8FXF3.1
A0A6S8BZ68.1,A0A6S8A2Q1.1&A0A6S8A788.1&A0A6S8APR5.1&A0A6S8BXK0.1&A0A6S8BZ68.1&A0A6S8CDH7.1&A0A6S8CR03.1&A0A6S8D3Y0.1&A0A6S8D608.1&A0A6S8DH95.1&A0A6S8DSE8.1&A0A6S8DVQ6.1&A0A6S8EA30.1&A0A6S8EKQ8.1&A0A6S8EMD9.1&A0A6S8EPQ5.1&A0A6S8EVB6.1&A0A6S8EZF6.1&A0A6S8EZN6.1&A0A6S8F7N2.1&A0A6S8FIR1.1&A0A6S8FK74.1&A0A6S8FQD7.1&A0A6S8FXF3.1
A0A6S8CDH7.1,A0A6S8A2Q1.1&A0A6S8A788.1&A0A6S8APR5.1&A0A6S8BXK0.1&A0A6S8BZ68.1&A0A6S8CDH7.1&A0A6S8CR03.1&A0A6S8D3Y0.1&A0A6S8D608.1&A0A6S8DH95.1&A0A6S8DSE8.1&A0A6S8DVQ6.1&A0A6S8EA30.1&A0A6S8EKQ8.1&A0A6S8EMD9.1&A0A6S8EPQ5.1&A0A6S8EVB6.1&A0A6S8EZF6.1&A0A6S8EZN6.1&A0A6S8F7N2.1&A0A6S8FIR1.1&A0A6S8FK74.1&A0A6S8FQD7.1&A0A6S8FXF3.1
A0A6S8A2W1.1,A0A6S8A2W1.1&A0A6S8CST7.1
A0A6S8CST7.1,A0A6S8A2W1.1&A0A6S8CST7.1
A0A6S8A2Z7.1,A0A6S8A2Z7.1&A0A6S8A4S7.1
A0A6S8A4S7.1,A0A6S8A2Z7.1&A0A6S8A4S7.1
A0A6S8A3K2.1,A0A6S8A3K2.1&A0A6S8AF18.1&A0A6S8AY07.1&A0A6S8B2D9.1&A0A6S8B602.1&A0A6S8BWR6.1&A0A6S8C170.1&A0A6S8CCW2.1&A0A6S8E1F6.1&A0A6S8EFA1.1&A0A6S8EZ34.1&A0A6S8FWZ0.1
A0A6S8AF18.1,A0A6S8A3K2.1&A0A6S8AF18.1&A0A6S8AY07.1&A0A6S8B2D9.1&A0A6S8B602.1&A0A6S8BWR6.1&A0A6S8C170.1&A0A6S8CCW2.1&A0A6S8E1F6.1&A0A6S8EFA1.1&A0A6S8EZ34.1&A0A6S8FWZ0.1
A0A6S8AY07.1,A0A6S8A3K2.1&A0A6S8AF18.1&A0A6S8AY07.1&A0A6S8B2D9.1&A0A6S8B602.1&A0A6S8BWR6.1&A0A6S8C170.1&A0A6S8CCW2.1&A0A6S8E1F6.1&A0A6S8EFA1.1&A0A6S8EZ34.1&A0A6S8FWZ0.1
A0A6S8B2D9.1,A0A6S8A3K2.1&A0A6S8AF18.1&A0A6S8AY07.1&A0A6S8B2D9.1&A0A6S8B602.1&A0A6S8BWR6.1&A0A6S8C170.1&A0A6S8CCW2.1&A0A6S8E1F6.1&A0A6S8EFA1.1&A0A6S8EZ34.1&A0A6S8FWZ0.1
A0A6S8B602.1,A0A6S8A3K2.1&A0A6S8AF18.1&A0A6S8AY07.1&A0A6S8B2D9.1&A0A6S8B602.1&A0A6S8BWR6.1&A0A6S8C170.1&A0A6S8CCW2.1&A0A6S8E1F6.1&A0A6S8EFA1.1&A0A6S8EZ34.1&A0A6S8FWZ0.1
A0A6S8BWR6.1,A0A6S8A3K2.1&A0A6S8AF18.1&A0A6S8AY07.1&A0A6S8B2D9.1&A0A6S8B602.1&A0A6S8BWR6.1&A0A6S8C170.1&A0A6S8CCW2.1&A0A6S8E1F6.1&A0A6S8EFA1.1&A0A6S8EZ34.1&A0A6S8FWZ0.1
A0A6S8A471.1,A0A6S8A471.1&A0A6S8D5A2.1
A0A6S8D5A2.1,A0A6S8A471.1&A0A6S8D5A2.1
A0A6S8A4E1.1,A0A6S8A4E1.1&A0A6S8BZZ8.1&C8CGT9
A0A6S8BZZ8.1,A0A6S8A4E1.1&A0A6S8BZZ8.1&C8CGT9
C8CGT9,A0A6S8A4E1.1&A0A6S8BZZ8.1&C8CGT9
A0A6S8A514.1,A0A6S8A514.1&A0A6S8ALE8.1&A0A6S8DMD0.1&A0A6S8ERD4.1&A0A6S8GGR3.1
A0A6S8ALE8.1,A0A6S8A514.1&A0A6S8ALE8.1&A0A6S8DMD0.1&A0A6S8ERD4.1&A0A6S8GGR3.1
A0A6S8DMD0.1,A0A6S8A514.1&A0A6S8ALE8.1&A0A6S8DMD0.1&A0A6S8ERD4.1&A0A6S8GGR3.1
A0A6S8ERD4.1,A0A6S8A514.1&A0A6S8ALE8.1&A0A6S8DMD0.1&A0A6S8ERD4.1&A0A6S8GGR3.1
A0A6S8GGR3.1,A0A6S8A514.1&A0A6S8ALE8.1&A0A6S8DMD0.1&A0A6S8ERD4.1&A0A6S8GGR3.1
A0A6S8A573.1,A0A6S8A573.1&A0A6S8CG25.1
A0A6S8CG25.1,A0A6S8A573.1&A0A6S8CG25.1
A0A6S8A5D6.1,A0A6S8A5D6.1&A0A6S8D244.1&A0A6S8EVP2.1&A0A6S8GB92.1
A0A6S8D244.1,A0A6S8A5D6.1&A0A6S8D244.1&A0A6S8EVP2.1&A0A6S8GB92.1
A0A6S8EVP2.1,A0A6S8A5D6.1&A0A6S8D244.1&A0A6S8EVP2.1&A0A6S8GB92.1
A0A6S8GB92.1,A0A6S8A5D6.1&A0A6S8D244.1&A0A6S8EVP2.1&A0A6S8GB92.1
A0A6S8A5M2.1,A0A6S8A5M2.1&A0A6S8EAR3.1&A0A6S8F249.1
A0A6S8EAR3.1,A0A6S8A5M2.1&A0A6S8EAR3.1&A0A6S8F249.1
A0A6S8F249.1,A0A6S8A5M2.1&A0A6S8EAR3.1&A0A6S8F249.1
A0A6S8A5X8.1,A0A6S8A5X8.1&A0A6S8A8C6.1&A0A6S8D1E3.1
A0A6S8A8C6.1,A0A6S8A5X8.1&A0A6S8A8C6.1&A0A6S8D1E3.1
A0A6S8D1E3.1,A0A6S8A5X8.1&A0A6S8A8C6.1&A0A6S8D1E3.1
A0A6S8A628.1,A0A6S8A628.1&A0A6S8DK56.1
A0A6S8DK56.1,A0A6S8A628.1&A0A6S8DK56.1
A0A6S8A655.1,A0A6S8A655.1&A0A6S8EII3.1&A0A6S8FBH9.1
A0A6S8EII3.1,A0A6S8A655.1&A0A6S8EII3.1&A0A6S8FBH9.1
A0A6S8FBH9.1,A0A6S8A655.1&A0A6S8EII3.1&A0A6S8FBH9.1
A0A6S8A6F9.1,A0A6S8A6F9.1&A0A6S8AD50.1&A0A6S8AV98.1&A0A6S8CGZ9.1&A0A6S8CQB9.1&A0A6S8CTJ1.1&A0A6S8CV84.1&A0A6S8DFN4.1&A0A6S8DM33.1&A0A6S8DMM0.1&A0A6S8EGB2.1&A0A6S8EXA0.1&A0A6S8EZA4.1&A0A6S8F3K9.1&A0A6S8F5Y9.1
A0A6S8AD50.1,A0A6S8A6F9.1&A0A6S8AD50.1&A0A6S8AV98.1&A0A6S8CGZ9.1&A0A6S8CQB9.1&A0A6S8CTJ1.1&A0A6S8CV84.1&A0A6S8DFN4.1&A0A6S8DM33.1&A0A6S8DMM0.1&A0A6S8EGB2.1&A0A6S8EXA0.1&A0A6S8EZA4.1&A0A6S8F3K9.1&A0A6S8F5Y9.1
A0A6S8AV98.1,A0A6S8A6F9.1&A0A6S8AD50.1&A0A6S8AV98.1&A0A6S8CGZ9.1&A0A6S8CQB9.1&A0A6S8CTJ1.1&A0A6S8CV84.1&A0A6S8DFN4.1&A0A6S8DM33.1&A0A6S8DMM0.1&A0A6S8EGB2.1&A0A6S8EXA0.1&A0A6S8EZA4.1&A0A6S8F3K9.1&A0A6S8F5Y9.1
A0A6S8CGZ9.1,A0A6S8A6F9.1&A0A6S8AD50.1&A0A6S8AV98.1&A0A6S8CGZ9.1&A0A6S8CQB9.1&A0A6S8CTJ1.1&A0A6S8CV84.1&A0A6S8DFN4.1&A0A6S8DM33.1&A0A6S8DMM0.1&A0A6S8EGB2.1&A0A6S8EXA0.1&A0A6S8EZA4.1&A0A6S8F3K9.1&A0A6S8F5Y9.1
A0A6S8CQB9.1,A0A6S8A6F9.1&A0A6S8AD50.1&A0A6S8AV98.1&A0A6S8CGZ9.1&A0A6S8CQB9.1&A0A6S8CTJ1.1&A0A6S8CV84.1&A0A6S8DFN4.1&A0A6S8DM33.1&A0A6S8DMM0.1&A0A6S8EGB2.1&A0A6S8EXA0.1&A0A6S8EZA4.1&A0A6S8F3K9.1&A0A6S8F5Y9.1
A0A6S8CTJ1.1,A0A6S8A6F9.1&A0A6S8AD50.1&A0A6S8AV98.1&A0A6S8CGZ9.1&A0A6S8CQB9.1&A0A6S8CTJ1.1&A0A6S8CV84.1&A0A6S8DFN4.1&A0A6S8DM33.1&A0A6S8DMM0.1&A0A6S8EGB2.1&A0A6S8EXA0.1&A0A6S8EZA4.1&A0A6S8F3K9.1&A0A6S8F5Y9.1
A0A6S8A6Z3.1,A0A6S8A6Z3.1&A0A6S8C3D4.1&A0A6S8EN73.1&A0A6S8EN84.1&A0A6S8ENW3.1
A0A6S8C3D4.1,A0A6S8A6Z3.1&A0A6S8C3D4.1&A0A6S8EN73.1&A0A6S8EN84.1&A0A6S8ENW3.1
A0A6S8EN73.1,A0A6S8A6Z3.1&A0A6S8C3D4.1&A0A6S8EN73.1&A0A6S8EN84.1&A0A6S8ENW3.1
A0A6S8EN84.1,A0A6S8A6Z3.1&A0A6S8C3D4.1&A0A6S8EN73.1&A0A6S8EN84.1&A0A6S8ENW3.1
A0A6S8ENW3.1,A0A6S8A6Z3.1&A0A6S8C3D4.1&A0A6S8EN73.1&A0A6S8EN84.1&A0A6S8ENW3.1
A0A6S8A7Z6.1,A0A6S8A7Z6.1&A0A6S8D9M7.1
A0A6S8D9M7.1,A0A6S8A7Z6.1&A0A6S8D9M7.1
A0A6S8A8D0.1,A0A6S8A8D0.1&A0A6S8AZ18.1
A0A6S8AZ18.1,A0A6S8A8D0.1&A0A6S8AZ18.1
A0A6S8A8H6.1,A0A6S8A8H6.1&A0A6S8FYS3.1
A0A6S8FYS3.1,A0A6S8A8H6.1&A0A6S8FYS3.1
A0A6S8A8X6.1,A0A6S8A8X6.1&A0A6S8B230.1&A0A6S8BUL7.1&A0A6S8EQC5.1
A0A6S8B230.1,A0A6S8A8X6.1&A0A6S8B230.1&A0A6S8BUL7.1&A0A6S8EQC5.1
A0A6S8BUL7.1,A0A6S8A8X6.1&A0A6S8B230.1&A0A6S8BUL7.1&A0A6S8EQC5.1
A0A6S8EQC5.1,A0A6S8A8X6.1&A0A6S8B230.1&A0A6S8BUL7.1&A0A6S8EQC5.1
A0A6S8A959.1,A0A6S8A959.1&A0A6S8E9K9.1
A0A6S8E9K9.1,A0A6S8A959.1&A0A6S8E9K9.1
A0A6S8A9F4.1,A0A6S8A9F4.1&A0A6S8ABZ0.1&A0A6S8AU69.1&A0A6S8BUP1.1&A0A6S8C2U7.1&A0A6S8DAA3.1&A0A6S8E1C5.1&A0A6S8E221.1&A0A6S8E936.1&A0A6S8ED52.1
A0A6S8ABZ0.1,A0A6S8A9F4.1&A0A6S8ABZ0.1&A0A6S8AU69.1&A0A6S8BUP1.1&A0A6S8C2U7.1&A0A6S8DAA3.1&A0A6S8E1C5.1&A0A6S8E221.1&A0A6S8E936.1&A0A6S8ED52.1
A0A6S8AU69.1,A0A6S8A9F4.1&A0A6S8ABZ0.1&A0A6S8AU69.1&A0A6S8BUP1.1&A0A6S8C2U7.1&A0A6S8DAA3.1&A0A6S8E1C5.1&A0A6S8E221.1&A0A6S8E936.1&A0A6S8ED52.1
A0A6S8BUP1.1,A0A6S8A9F4.1&A0A6S8ABZ0.1&A0A6S8AU69.1&A0A6S8BUP1.1&A0A6S8C2U7.1&A0A6S8DAA3.1&A0A6S8E1C5.1&A0A6S8E221.1&A0A6S8E936.1&A0A6S8ED52.1
A0A6S8C2U7.1,A0A6S8A9F4.1&A0A6S8ABZ0.1&A0A6S8AU69.1&A0A6S8BUP1.1&A0A6S8C2U7.1&A0A6S8DAA3.1&A0A6S8E1C5.1&A0A6S8E221.1&A0A6S8E936.1&A0A6S8ED52.1
A0A6S8DAA3.1,A0A6S8A9F4.1&A0A6S8ABZ0.1&A0A6S8AU69.1&A0A6S8BUP1.1&A0A6S8C2U7.1&A0A6S8DAA3.1&A0A6S8E1C5.1&A0A6S8E221.1&A0A6S8E936.1&A0A6S8ED52.1
A0A6S8A9N1.1,A0A6S8A9N1.1&A0A6S8D3V8.1
A0A6S8D3V8.1,A0A6S8A9N1.1&A0A6S8D3V8.1
A0A6S8A9T4.1,A0A6S8A9T4.1&A0A6S8BNA9.1&A0A6S8BP37.1&A0A6S8BUU0.1&A0A6S8C6L4.1&A0A6S8DHW0.1&A0A6S8DIH6.1&A0A6S8DKQ8.1&A0A6S8F325.1&A0A6S8F3X7.1&A0A6S8F6N0.1&A0A6S8FGG0.1
A0A6S8BNA9.1,A0A6S8A9T4.1&A0A6S8BNA9.1&A0A6S8BP37.1&A0A6S8BUU0.1&A0A6S8C6L4.1&A0A6S8DHW0.1&A0A6S8DIH6.1&A0A6S8DKQ8.1&A0A6S8F325.1&A0A6S8F3X7.1&A0A6S8F6N0.1&A0A6S8FGG0.1
A0A6S8BP37.1,A0A6S8A9T4.1&A0A6S8BNA9.1&A0A6S8BP37.1&A0A6S8BUU0.1&A0A6S8C6L4.1&A0A6S8DHW0.1&A0A6S8DIH6.1&A0A6S8DKQ8.1&A0A6S8F325.1&A0A6S8F3X7.1&A0A6S8F6N0.1&A0A6S8FGG0.1
A0A6S8BUU0.1,A0A6S8A9T4.1&A0A6S8BNA9.1&A0A6S8BP37.1&A0A6S8BUU0.1&A0A6S8C6L4.1&A0A6S8DHW0.1&A0A6S8DIH6.1&A0A6S8DKQ8.1&A0A6S8F325.1&A0A6S8F3X7.1&A0A6S8F6N0.1&A0A6S8FGG0.1
A0A6S8C6L4.1,A0A6S8A9T4.1&A0A6S8BNA9.1&A0A6S8BP37.1&A0A6S8BUU0.1&A0A6S8C6L4.1&A0A6S8DHW0.1&A0A6S8DIH6.1&A0A6S8DKQ8.1&A0A6S8F325.1&A0A6S8F3X7.1&A0A6S8F6N0.1&A0A6S8FGG0.1
A0A6S8DHW0.1,A0A6S8A9T4.1&A0A6S8BNA9.1&A0A6S8BP37.1&A0A6S8BUU0.1&A0A6S8C6L4.1&A0A6S8DHW0.1&A0A6S8DIH6.1&A0A6S8DKQ8.1&A0A6S8F325.1&A0A6S8F3X7.1&A0A6S8F6N0.1&A0A6S8FGG0.1
A0A6S8A9W7.1,A0A6S8A9W7.1&A0A6S8CDT5.1&A0A6S8EEJ1.1
A0A6S8CDT5.1,A0A6S8A9W7.1&A0A6S8CDT5.1&A0A6S8EEJ1.1
A0A6S8EEJ1.1,A0A6S8A9W7.1&A0A6S8CDT5.1&A0A6S8EEJ1.1
A0A6S8AA98.1,A0A6S8AA98.1&A0A6S8AQZ0.1&A0A6S8ATM5.1&A0A6S8AZS6.1&A0A6S8B3K4.1&A0A6S8E780.1&A0A6S8EEL9.1&A0A6S8EU84.1&A0A6S8FV89.1&A0A6S8G6F7.1
A0A6S8AQZ0.1,A0A6S8AA98.1&A0A6S8AQZ0.1&A0A6S8ATM5.1&A0A6S8AZS6.1&A0A6S8B3K4.1&A0A6S8E780.1&A0A6S8EEL9.1&A0A6S8EU84.1&A0A6S8FV89.1&A0A6S8G6F7.1
A0A6S8ATM5.1,A0A6S8AA98.1&A0A6S8AQZ0.1&A0A6S8ATM5.1&A0A6S8AZS6.1&A0A6S8B3K4.1&A0A6S8E780.1&A0A6S8EEL9.1&A0A6S8EU84.1&A0A6S8FV89.1&A0A6S8G6F7.1
A0A6S8AZS6.1,A0A6S8AA98.1&A0A6S8AQZ0.1&A0A6S8ATM5.1&A0A6S8AZS6.1&A0A6S8B3K4.1&A0A6S8E780.1&A0A6S8EEL9.1&A0A6S8EU84.1&A0A6S8FV89.1&A0A6S8G6F7.1
A0A6S8B3K4.1,A0A6S8AA98.1&A0A6S8AQZ0.1&A0A6S8ATM5.1&A0A6S8AZS6.1&A0A6S8B3K4.1&A0A6S8E780.1&A0A6S8EEL9.1&A0A6S8EU84.1&A0A6S8FV89.1&A0A6S8G6F7.1
A0A6S8E780.1,A0A6S8AA98.1&A0A6S8AQZ0.1&A0A6S8ATM5.1&A0A6S8AZS6.1&A0A6S8B3K4.1&A0A6S8E780.1&A0A6S8EEL9.1&A0A6S8EU84.1&A0A6S8FV89.1&A0A6S8G6F7.1
A0A6S8AAA5.1,A0A6S8AAA5.1&A0A6S8FVW9.1
A0A6S8FVW9.1,A0A6S8AAA5.1&A0A6S8FVW9.1
A0A6S8AAG3.1,A0A6S8AAG3.1&A0A6S8AZW0.1&A0A6S8BN43.1
A0A6S8AZW0.1,A0A6S8AAG3.1&A0A6S8AZW0.1&A0A6S8BN43.1
A0A6S8BN43.1,A0A6S8AAG3.1&A0A6S8AZW0.1&A0A6S8BN43.1
A0A6S8AAT9.1,A0A6S8AAT9.1&A0A6S8G4R3.1
A0A6S8G4R3.1,A0A6S8AAT9.1&A0A6S8G4R3.1
A0A6S8AAW2.1,A0A6S8AAW2.1&A0A6S8DFA4.1
A0A6S8DFA4.1,A0A6S8AAW2.1&A0A6S8DFA4.1
A0A6S8AB32.1,A0A6S8AB32.1&A0A6S8AJA6.1
A0A6S8AJA6.1,A0A6S8AB32.1&A0A6S8AJA6.1
A0A6S8ABF8.1,A0A6S8ABF8.1&A0A6S8BCZ9.1
A0A6S8BCZ9.1,A0A6S8ABF8.1&A0A6S8BCZ9.1
A0A6S8ABJ6.1,A0A6S8ABJ6.1&A0A6S8CY60.1
A0A6S8CY60.1,A0A6S8ABJ6.1&A0A6S8CY60.1
A0A6S8ABP4.1,A0A6S8ABP4.1&A0A6S8B6P4.1
A0A6S8B6P4.1,A0A6S8ABP4.1&A0A6S8B6P4.1
A0A6S8ABS6.1,A0A6S8ABS6.1&A0A6S8C7A5.1&A0A6S8EUH7.1
A0A6S8C7A5.1,A0A6S8ABS6.1&A0A6S8C7A5.1&A0A6S8EUH7.1
A0A6S8EUH7.1,A0A6S8ABS6.1&A0A6S8C7A5.1&A0A6S8EUH7.1
A0A6S8AC72.1,A0A6S8AC72.1&A0A6S8BYJ4.1&A0A6S8D3U6.1&A0A6S8EDY8.1&A0A6S8EM42.1&A0A6S8F9K9.1
A0A6S8BYJ4.1,A0A6S8AC72.1&A0A6S8BYJ4.1&A0A6S8D3U6.1&A0A6S8EDY8.1&A0A6S8EM42.1&A0A6S8F9K9.1
A0A6S8D3U6.1,A0A6S8AC72.1&A0A6S8BYJ4.1&A0A6S8D3U6.1&A0A6S8EDY8.1&A0A6S8EM42.1&A0A6S8F9K9.1
A0A6S8EDY8.1,A0A6S8AC72.1&A0A6S8BYJ4.1&A0A6S8D3U6.1&A0A6S8EDY8.1&A0A6S8EM42.1&A0A6S8F9K9.1
A0A6S8EM42.1,A0A6S8AC72.1&A0A6S8BYJ4.1&A0A6S8D3U6.1&A0A6S8EDY8.1&A0A6S8EM42.1&A0A6S8F9K9.1
A0A6S8F9K9.1,A0A6S8AC72.1&A0A6S8BYJ4.1&A0A6S8D3U6.1&A0A6S8EDY8.1&A0A6S8EM42.1&A0A6S8F9K9.1
A0A6S8AC83.1,A0A6S8AC83.1&A0A6S8AU49.1&A0A6S8B9Q9.1&A0A6S8BP85.1&A0A6S8BS48.1&A0A6S8D1W2.1&A0A6S8DV77.1&A0A6S8EP72.1&A0A6S8FRB4.1
A0A6S8AU49.1,A0A6S8AC83.1&A0A6S8AU49.1&A0A6S8B9Q9.1&A0A6S8BP85.1&A0A6S8BS48.1&A0A6S8D1W2.1&A0A6S8DV77.1&A0A6S8EP72.1&A0A6S8FRB4.1
A0A6S8B9Q9.1,A0A6S8AC83.1&A0A6S8AU49.1&A0A6S8B9Q9.1&A0A6S8BP85.1&A0A6S8BS48.1&A0A6S8D1W2.1&A0A6S8DV77.1&A0A6S8EP72.1&A0A6S8FRB4.1
A0A6S8BP85.1,A0A6S8AC83.1&A0A6S8AU49.1&A0A6S8B9Q9.1&A0A6S8BP85.1&A0A6S8BS48.1&A0A6S8D1W2.1&A0A6S8DV77.1&A0A6S8EP72.1&A0A6S8FRB4.1
A0A6S8BS48.1,A0A6S8AC83.1&A0A6S8AU49.1&A0A6S8B9Q9.1&A0A6S8BP85.1&A0A6S8BS48.1&A0A6S8D1W2.1&A0A6S8DV77.1&A0A6S8EP72.1&A0A6S8FRB4.1
A0A6S8D1W2.1,A0A6S8AC83.1&A0A6S8AU49.1&A0A6S8B9Q9.1&A0A6S8BP85.1&A0A6S8BS48.1&A0A6S8D1W2.1&A0A6S8DV77.1&A0A6S8EP72.1&A0A6S8FRB4.1
A0A6S8ACE0.1,A0A6S8ACE0.1&A0A6S8CV24.1
A0A6S8CV24.1,A0A6S8ACE0.1&A0A6S8CV24.1
A0A6S8ACM1.1,A0A6S8ACM1.1&A0A6S8BMX4.1&A0A6S8EKN5.1
A0A6S8BMX4.1,A0A6S8ACM1.1&A0A6S8BMX4.1&A0A6S8EKN5.1
A0A6S8EKN5.1,A0A6S8ACM1.1&A0A6S8BMX4.1&A0A6S8EKN5.1
A0A6S8ACP3.1,A0A6S8ACP3.1&A0A6S8AY40.1&A0A6S8BAT7.1&A0A6S8DXF2.1&A0A6S8EN43.1&A0A6S8FRL4.1
A0A6S8AY40.1,A0A6S8ACP3.1&A0A6S8AY40.1&A0A6S8BAT7.1&A0A6S8DXF2.1&A0A6S8EN43.1&A0A6S8FRL4.1
A0A6S8BAT7.1,A0A6S8ACP3.1&A0A6S8AY40.1&A0A6S8BAT7.1&A0A6S8DXF2.1&A0A6S8EN43.1&A0A6S8FRL4.1
A0A6S8DXF2.1,A0A6S8ACP3.1&A0A6S8AY40.1&A0A6S8BAT7.1&A0A6S8DXF2.1&A0A6S8EN43.1&A0A6S8FRL4.1
A0A6S8EN43.1,A0A6S8ACP3.1&A0A6S8AY40.1&A0A6S8BAT7.1&A0A6S8DXF2.1&A0A6S8EN43.1&A0A6S8FRL4.1
A0A6S8FRL4.1,A0A6S8ACP3.1&A0A6S8AY40.1&A0A6S8BAT7.1&A0A6S8DXF2.1&A0A6S8EN43.1&A0A6S8FRL4.1
A0A6S8ACW2.1,A0A6S8ACW2.1&A0A6S8B938.1
A0A6S8B938.1,A0A6S8ACW2.1&A0A6S8B938.1
A0A6S8ADF4.1,A0A6S8ADF4.1&A0A6S8BSP9.1
A0A6S8BSP9.1,A0A6S8ADF4.1&A0A6S8BSP9.1
A0A6S8ADS4.1,A0A6S8ADS4.1&A0A6S8AVW4.1
A0A6S8AVW4.1,A0A6S8ADS4.1&A0A6S8AVW4.1
A0A6S8ADU0.1,A0A6S8ADU0.1&A0A6S8EMW0.1
A0A6S8EMW0.1,A0A6S8ADU0.1&A0A6S8EMW0.1
A0A6S8AE85.1,A0A6S8AE85.1&A0A6S8AG83.1&A0A6S8DTZ9.1
A0A6S8AG83.1,A0A6S8AE85.1&A0A6S8AG83.1&A0A6S8DTZ9.1
A0A6S8DTZ9.1,A0A6S8AE85.1&A0A6S8AG83.1&A0A6S8DTZ9.1
A0A6S8AEF5.1,A0A6S8AEF5.1&A0A6S8AJH0.1&A0A6S8BG78.1&A0A6S8BMV4.1&A0A6S8E5W4.1&A0A6S8F556.1&A0A6S8GAE3.1
A0A6S8AJH0.1,A0A6S8AEF5.1&A0A6S8AJH0.1&A0A6S8BG78.1&A0A6S8BMV4.1&A0A6S8E5W4.1&A0A6S8F556.1&A0A6S8GAE3.1
A0A6S8BG78.1,A0A6S8AEF5.1&A0A6S8AJH0.1&A0A6S8BG78.1&A0A6S8BMV4.1&A0A6S8E5W4.1&A0A6S8F556.1&A0A6S8GAE3.1
A0A6S8BMV4.1,A0A6S8AEF5.1&A0A6S8AJH0.1&A0A6S8BG78.1&A0A6S8BMV4.1&A0A6S8E5W4.1&A0A6S8F556.1&A0A6S8GAE3.1
A0A6S8E5W4.1,A0A6S8AEF5.1&A0A6S8AJH0.1&A0A6S8BG78.1&A0A6S8BMV4.1&A0A6S8E5W4.1&A0A6S8F556.1&A0A6S8GAE3.1
A0A6S8F556.1,A0A6S8AEF5.1&A0A6S8AJH0.1&A0A6S8BG78.1&A0A6S8BMV4.1&A0A6S8E5W4.1&A0A6S8F556.1&A0A6S8GAE3.1
A0A6S8AF23.1,A0A6S8AF23.1&A0A6S8AXS6.1
A0A6S8AXS6.1,A0A6S8AF23.1&A0A6S8AXS6.1
A0A6S8AFW2.1,A0A6S8AFW2.1&A0A6S8CBZ2.1
A0A6S8CBZ2.1,A0A6S8AFW2.1&A0A6S8CBZ2.1
A0A6S8AH66.1,A0A6S8AH66.1&A0A6S8EWD2.1
A0A6S8EWD2.1,A0A6S8AH66.1&A0A6S8EWD2.1
A0A6S8AH74.1,A0A6S8AH74.1&A0A6S8AJM1.1
A0A6S8AJM1.1,A0A6S8AH74.1&A0A6S8AJM1.1
A0A6S8AH87.1,A0A6S8AH87.1&A0A6S8C6X4.1
A0A6S8C6X4.1,A0A6S8AH87.1&A0A6S8C6X4.1
A0A6S8AH92.1,A0A6S8AH92.1&A0A6S8C6T5.1&A0A6S8CA18.1&A0A6S8E139.1&A0A6S8FK63.1
A0A6S8C6T5.1,A0A6S8AH92.1&A0A6S8C6T5.1&A0A6S8CA18.1&A0A6S8E139.1&A0A6S8FK63.1
A0A6S8CA18.1,A0A6S8AH92.1&A0A6S8C6T5.1&A0A6S8CA18.1&A0A6S8E139.1&A0A6S8FK63.1
A0A6S8E139.1,A0A6S8AH92.1&A0A6S8C6T5.1&A0A6S8CA18.1&A0A6S8E139.1&A0A6S8FK63.1
A0A6S8FK63.1,A0A6S8AH92.1&A0A6S8C6T5.1&A0A6S8CA18.1&A0A6S8E139.1&A0A6S8FK63.1
A0A6S8AHN4.1,A0A6S8AHN4.1&A0A6S8BFU3.1&A0A6S8D6E4.1&A0A6S8FI62.1
A0A6S8BFU3.1,A0A6S8AHN4.1&A0A6S8BFU3.1&A0A6S8D6E4.1&A0A6S8FI62.1
A0A6S8D6E4.1,A0A6S8AHN4.1&A0A6S8BFU3.1&A0A6S8D6E4.1&A0A6S8FI62.1
A0A6S8FI62.1,A0A6S8AHN4.1&A0A6S8BFU3.1&A0A6S8D6E4.1&A0A6S8FI62.1
A0A6S8AIC3.1,A0A6S8AIC3.1&A0A6S8CIM2.1
A0A6S8CIM2.1,A0A6S8AIC3.1&A0A6S8CIM2.1
A0A6S8AIS3.1,A0A6S8AIS3.1&A0A6S8B1I5.1
A0A6S8B1I5.1,A0A6S8AIS3.1&A0A6S8B1I5.1
A0A6S8AIT6.1,A0A6S8AIT6.1&A0A6S8B8H5.1&A0A6S8BCY3.1&A0A6S8BI90.1
A0A6S8B8H5.1,A0A6S8AIT6.1&A0A6S8B8H5.1&A0A6S8BCY3.1&A0A6S8BI90.1
A0A6S8BCY3.1,A0A6S8AIT6.1&A0A6S8B8H5.1&A0A6S8BCY3.1&A0A6S8BI90.1
A0A6S8BI90.1,A0A6S8AIT6.1&A0A6S8B8H5.1&A0A6S8BCY3.1&A0A6S8BI90.1
A0A6S8AK04.1,A0A6S8AK04.1&A0A6S8FDI5.1
A0A6S8FDI5.1,A0A6S8AK04.1&A0A6S8FDI5.1
A0A6S8AK33.1,A0A6S8AK33.1&A0A6S8C121.1
A0A6S8C121.1,A0A6S8AK33.1&A0A6S8C121.1
A0A6S8AKQ6.1,A0A6S8AKQ6.1&A0A6S8EUU3.1
A0A6S8EUU3.1,A0A6S8AKQ6.1&A0A6S8EUU3.1
A0A6S8AKV4.1,A0A6S8AKV4.1&A0A6S8CZB5.1
A0A6S8CZB5.1,A0A6S8AKV4.1&A0A6S8CZB5.1
A0A6S8AL82.1,A0A6S8AL82.1&A0A6S8B031.1
A0A6S8B031.1,A0A6S8AL82.1&A0A6S8B031.1
A0A6S8ALK4.1,A0A6S8ALK4.1&A0A6S8B396.1&A0A6S8CMD7.1
A0A6S8B396.1,A0A6S8ALK4.1&A0A6S8B396.1&A0A6S8CMD7.1
A0A6S8CMD7.1,A0A6S8ALK4.1&A0A6S8B396.1&A0A6S8CMD7.1
A0A6S8ALP5.1,A0A6S8ALP5.1&A0A6S8ESW0.1
A0A6S8ESW0.1,A0A6S8ALP5.1&A0A6S8ESW0.1
A0A6S8AMB1.1,A0A6S8AMB1.1&A0A6S8EV26.1
A0A6S8EV26.1,A0A6S8AMB1.1&A0A6S8EV26.1
A0A6S8AMC5.1,A0A6S8AMC5.1&A0A6S8ASF8.1&A0A6S8B0Z3.1&A0A6S8DR85.1&A0A6S8F1W9.1
A0A6S8ASF8.1,A0A6S8AMC5.1&A0A6S8ASF8.1&A0A6S8B0Z3.1&A0A6S8DR85.1&A0A6S8F1W9.1
A0A6S8B0Z3.1,A0A6S8AMC5.1&A0A6S8ASF8.1&A0A6S8B0Z3.1&A0A6S8DR85.1&A0A6S8F1W9.1
A0A6S8DR85.1,A0A6S8AMC5.1&A0A6S8ASF8.1&A0A6S8B0Z3.1&A0A6S8DR85.1&A0A6S8F1W9.1
A0A6S8F1W9.1,A0A6S8AMC5.1&A0A6S8ASF8.1&A0A6S8B0Z3.1&A0A6S8DR85.1&A0A6S8F1W9.1
A0A6S8AMN0.1,A0A6S8AMN0.1&A0A6S8DAI1.1&A0A6S8E8T9.1
A0A6S8DAI1.1,A0A6S8AMN0.1&A0A6S8DAI1.1&A0A6S8E8T9.1
A0A6S8E8T9.1,A0A6S8AMN0.1&A0A6S8DAI1.1&A0A6S8E8T9.1
A0A6S8AMP5.1,A0A6S8AMP5.1&A0A6S8DH35.1&A0A6S8EXG2.1
A0A6S8DH35.1,A0A6S8AMP5.1&A0A6S8DH35.1&A0A6S8EXG2.1
A0A6S8EXG2.1,A0A6S8AMP5.1&A0A6S8DH35.1&A0A6S8EXG2.1
A0A6S8AMT1.1,A0A6S8AMT1.1&A0A6S8FHF4.1
A0A6S8FHF4.1,A0A6S8AMT1.1&A0A6S8FHF4.1
A0A6S8ANB1.1,A0A6S8ANB1.1&A0A6S8AUS2.1
A0A6S8AUS2.1,A0A6S8ANB1.1&A0A6S8AUS2.1
A0A6S8ANJ6.1,A0A6S8ANJ6.1&A0A6S8B5R3.1
A0A6S8B5R3.1,A0A6S8ANJ6.1&A0A6S8B5R3.1
A0A6S8ANV6.1,A0A6S8ANV6.1&A0A6S8ARH1.1&A0A6S8AU37.1&A0A6S8B563.1&A0A6S8DUX2.1
A0A6S8ARH1.1,A0A6S8ANV6.1&A0A6S8ARH1.1&A0A6S8AU37.1&A0A6S8B563.1&A0A6S8DUX2.1
A0A6S8AU37.1,A0A6S8ANV6.1&A0A6S8ARH1.1&A0A6S8AU37.1&A0A6S8B563.1&A0A6S8DUX2.1
A0A6S8B563.1,A0A6S8ANV6.1&A0A6S8ARH1.1&A0A6S8AU37.1&A0A6S8B563.1&A0A6S8DUX2.1
A0A6S8DUX2.1,A0A6S8ANV6.1&A0A6S8ARH1.1&A0A6S8AU37.1&A0A6S8B563.1&A0A6S8DUX2.1
A0A6S8ANW9.1,A0A6S8ANW9.1&A0A6S8CDG1.1
A0A6S8CDG1.1,A0A6S8ANW9.1&A0A6S8CDG1.1
A0A6S8APC9.1,A0A6S8APC9.1&A0A6S8AYT9.1&A0A6S8DI51.1&A0A6S8DL43.1&A0A6S8DMQ9.1&A0A6S8DYZ0.1
A0A6S8AYT9.1,A0A6S8APC9.1&A0A6S8AYT9.1&A0A6S8DI51.1&A0A6S8DL43.1&A0A6S8DMQ9.1&A0A6S8DYZ0.1
A0A6S8DI51.1,A0A6S8APC9.1&A0A6S8AYT9.1&A0A6S8DI51.1&A0A6S8DL43.1&A0A6S8DMQ9.1&A0A6S8DYZ0.1
A0A6S8DL43.1,A0A6S8APC9.1&A0A6S8AYT9.1&A0A6S8DI51.1&A0A6S8DL43.1&A0A6S8DMQ9.1&A0A6S8DYZ0.1
A0A6S8DMQ9.1,A0A6S8APC9.1&A0A6S8AYT9.1&A0A6S8DI51.1&A0A6S8DL43.1&A0A6S8DMQ9.1&A0A6S8DYZ0.1
A0A6S8DYZ0.1,A0A6S8APC9.1&A0A6S8AYT9.1&A0A6S8DI51.1&A0A6S8DL43.1&A0A6S8DMQ9.1&A0A6S8DYZ0.1
A0A6S8APH7.1,A0A6S8APH7.1&A0A6S8EGM5.1&A0A6S8EI75.1
A0A6S8EGM5.1,A0A6S8APH7.1&A0A6S8EGM5.1&A0A6S8EI75.1
A0A6S8EI75.1,A0A6S8APH7.1&A0A6S8EGM5.1&A0A6S8EI75.1
A0A6S8AQE0.1,A0A6S8AQE0.1&A0A6S8DKF5.1
A0A6S8DKF5.1,A0A6S8AQE0.1&A0A6S8DKF5.1
A0A6S8ARH5.1,A0A6S8ARH5.1&A0A6S8D3C6.1
A0A6S8D3C6.1,A0A6S8ARH5.1&A0A6S8D3C6.1
A0A6S8AT18.1,A0A6S8AT18.1&A0A6S8B8Z1.1
A0A6S8B8Z1.1,A0A6S8AT18.1&A0A6S8B8Z1.1
A0A6S8AT99.1,A0A6S8AT99.1&A0A6S8F088.1
A0A6S8F088.1,A0A6S8AT99.1&A0A6S8F088.1
A0A6S8ATD3.1,A0A6S8ATD3.1&A0A6S8CXX7.1
A0A6S8CXX7.1,A0A6S8ATD3.1&A0A6S8CXX7.1
A0A6S8ATF8.1,A0A6S8ATF8.1&A0A6S8CJ14.1&A0A6S8F5E4.1&A0A6S8G9A7.1
A0A6S8CJ14.1,A0A6S8ATF8.1&A0A6S8CJ14.1&A0A6S8F5E4.1&A0A6S8G9A7.1
A0A6S8F5E4.1,A0A6S8ATF8.1&A0A6S8CJ14.1&A0A6S8F5E4.1&A0A6S8G9A7.1
A0A6S8G9A7.1,A0A6S8ATF8.1&A0A6S8CJ14.1&A0A6S8F5E4.1&A0A6S8G9A7.1
A0A6S8ATP6.1,A0A6S8ATP6.1&A0A6S8AWC0.1&A0A6S8F487.1
A0A6S8AWC0.1,A0A6S8ATP6.1&A0A6S8AWC0.1&A0A6S8F487.1
A0A6S8F487.1,A0A6S8ATP6.1&A0A6S8AWC0.1&A0A6S8F487.1
A0A6S8AUI0.1,A0A6S8AUI0.1&A0A6S8BCS0.1&A0A6S8EK39.1&A0A6S8ENJ8.1&A0A6S8G8H6.1
A0A6S8BCS0.1,A0A6S8AUI0.1&A0A6S8BCS0.1&A0A6S8EK39.1&A0A6S8ENJ8.1&A0A6S8G8H6.1
A0A6S8EK39.1,A0A6S8AUI0.1&A0A6S8BCS0.1&A0A6S8EK39.1&A0A6S8ENJ8.1&A0A6S8G8H6.1
A0A6S8ENJ8.1,A0A6S8AUI0.1&A0A6S8BCS0.1&A0A6S8EK39.1&A0A6S8ENJ8.1&A0A6S8G8H6.1
A0A6S8G8H6.1,A0A6S8AUI0.1&A0A6S8BCS0.1&A0A6S8EK39.1&A0A6S8ENJ8.1&A0A6S8G8H6.1
A0A6S8AVE5.1,A0A6S8AVE5.1&A0A6S8BB85.1
A0A6S8BB85.1,A0A6S8AVE5.1&A0A6S8BB85.1
A0A6S8AVK8.1,A0A6S8AVK8.1&A0A6S8DFP8.1&A0A6S8FRT4.1&A0A6S8G6L1.1
A0A6S8DFP8.1,A0A6S8AVK8.1&A0A6S8DFP8.1&A0A6S8FRT4.1&A0A6S8G6L1.1
A0A6S8FRT4.1,A0A6S8AVK8.1&A0A6S8DFP8.1&A0A6S8FRT4.1&A0A6S8G6L1.1
A0A6S8G6L1.1,A0A6S8AVK8.1&A0A6S8DFP8.1&A0A6S8FRT4.1&A0A6S8G6L1.1
A0A6S8AWS5.1,A0A6S8AWS5.1&A0A6S8GCC3.1
A0A6S8GCC3.1,A0A6S8AWS5.1&A0A6S8GCC3.1
A0A6S8AX53.1,A0A6S8AX53.1&A0A6S8BR13.1&A0A6S8EA84.1
A0A6S8BR13.1,A0A6S8AX53.1&A0A6S8BR13.1&A0A6S8EA84.1
A0A6S8EA84.1,A0A6S8AX53.1&A0A6S8BR13.1&A0A6S8EA84.1
A0A6S8AXC0.1,A0A6S8AXC0.1&A0A6S8EHJ0.1
A0A6S8EHJ0.1,A0A6S8AXC0.1&A0A6S8EHJ0.1
A0A6S8AXK3.1,A0A6S8AXK3.1&A0A6S8F9S1.1
A0A6S8F9S1.1,A0A6S8AXK3.1&A0A6S8F9S1.1
A0A6S8AYJ7.1,A0A6S8AYJ7.1&A0A6S8BF22.1
A0A6S8BF22.1,A0A6S8AYJ7.1&A0A6S8BF22.1
A0A6S8AYY8.1,A0A6S8AYY8.1&A0A6S8B292.1
A0A6S8B292.1,A0A6S8AYY8.1&A0A6S8B292.1
A0A6S8AZ30.1,A0A6S8AZ30.1&A0A6S8BKB3.1
A0A6S8BKB3.1,A0A6S8AZ30.1&A0A6S8BKB3.1
A0A6S8AZ48.1,A0A6S8AZ48.1&A0A6S8G9Z3.1
A0A6S8G9Z3.1,A0A6S8AZ48.1&A0A6S8G9Z3.1
A0A6S8AZ86.1,A0A6S8AZ86.1&A0A6S8G1R0.1
A0A6S8G1R0.1,A0A6S8AZ86.1&A0A6S8G1R0.1
A0A6S8AZJ8.1,A0A6S8AZJ8.1&A0A6S8FXU4.1
A0A6S8FXU4.1,A0A6S8AZJ8.1&A0A6S8FXU4.1
A0A6S8AZK3.1,A0A6S8AZK3.1&A0A6S8EIG7.1
A0A6S8EIG7.1,A0A6S8AZK3.1&A0A6S8EIG7.1
A0A6S8AZS8.1,A0A6S8AZS8.1&A0A6S8C061.1&A0A6S8CQ45.1&A0A6S8DAY0.1&A0A6S8EK03.1&A0A6S8EM20.1
A0A6S8C061.1,A0A6S8AZS8.1&A0A6S8C061.1&A0A6S8CQ45.1&A0A6S8DAY0.1&A0A6S8EK03.1&A0A6S8EM20.1
A0A6S8CQ45.1,A0A6S8AZS8.1&A0A6S8C061.1&A0A6S8CQ45.1&A0A6S8DAY0.1&A0A6S8EK03.1&A0A6S8EM20.1
A0A6S8DAY0.1,A0A6S8AZS8.1&A0A6S8C061.1&A0A6S8CQ45.1&A0A6S8DAY0.1&A0A6S8EK03.1&A0A6S8EM20.1
A0A6S8EK03.1,A0A6S8AZS8.1&A0A6S8C061.1&A0A6S8CQ45.1&A0A6S8DAY0.1&A0A6S8EK03.1&A0A6S8EM20.1
A0A6S8EM20.1,A0A6S8AZS8.1&A0A6S8C061.1&A0A6S8CQ45.1&A0A6S8DAY0.1&A0A6S8EK03.1&A0A6S8EM20.1
A0A6S8B0E0.1,A0A6S8B0E0.1&A0A6S8CE89.1
A0A6S8CE89.1,A0A6S8B0E0.1&A0A6S8CE89.1
A0A6S8B0J0.1,A0A6S8B0J0.1&A0A6S8C5R2.1
A0A6S8C5R2.1,A0A6S8B0J0.1&A0A6S8C5R2.1
A0A6S8B145.1,A0A6S8B145.1&A0A6S8BQF9.1
A0A6S8BQF9.1,A0A6S8B145.1&A0A6S8BQF9.1
A0A6S8B1C0.1,A0A6S8B1C0.1&A0A6S8EU91.1&A0A6S8F9R9.1&A0A6S8FX75.1
A0A6S8EU91.1,A0A6S8B1C0.1&A0A6S8EU91.1&A0A6S8F9R9.1&A0A6S8FX75.1
A0A6S8F9R9.1,A0A6S8B1C0.1&A0A6S8EU91.1&A0A6S8F9R9.1&A0A6S8FX75.1
A0A6S8FX75.1,A0A6S8B1C0.1&A0A6S8EU91.1&A0A6S8F9R9.1&A0A6S8FX75.1
A0A6S8B1L1.1,A0A6S8B1L1.1&A0A6S8C866.1&A0A6S8DIL2.1&A0A6S8DVF9.1&A0A6S8ENL7.1&A0A6S8FB78.1
A0A6S8C866.1,A0A6S8B1L1.1&A0A6S8C866.1&A0A6S8DIL2.1&A0A6S8DVF9.1&A0A6S8ENL7.1&A0A6S8FB78.1
A0A6S8DIL2.1,A0A6S8B1L1.1&A0A6S8C866.1&A0A6S8DIL2.1&A0A6S8DVF9.1&A0A6S8ENL7.1&A0A6S8FB78.1
A0A6S8DVF9.1,A0A6S8B1L1.1&A0A6S8C866.1&A0A6S8DIL2.1&A0A6S8DVF9.1&A0A6S8ENL7.1&A0A6S8FB78.1
A0A6S8ENL7.1,A0A6S8B1L1.1&A0A6S8C866.1&A0A6S8DIL2.1&A0A6S8DVF9.1&A0A6S8ENL7.1&A0A6S8FB78.1
A0A6S8FB78.1,A0A6S8B1L1.1&A0A6S8C866.1&A0A6S8DIL2.1&A0A6S8DVF9.1&A0A6S8ENL7.1&A0A6S8FB78.1
A0A6S8B1T8.1,A0A6S8B1T8.1&A0A6S8FYH9.1
A0A6S8FYH9.1,A0A6S8B1T8.1&A0A6S8FYH9.1
A0A6S8B1U1.1,A0A6S8B1U1.1&A0A6S8FDV5.1
A0A6S8FDV5.1,A0A6S8B1U1.1&A0A6S8FDV5.1
A0A6S8B2X1.1,A0A6S8B2X1.1&A0A6S8CDI7.1
A0A6S8CDI7.1,A0A6S8B2X1.1&A0A6S8CDI7.1
A0A6S8B3X8.1,A0A6S8B3X8.1&A0A6S8BRI6.1&A0A6S8BYG3.1&A0A6S8CZC0.1&A0A6S8D3R0.1
A0A6S8BRI6.1,A0A6S8B3X8.1&A0A6S8BRI6.1&A0A6S8BYG3.1&A0A6S8CZC0.1&A0A6S8D3R0.1
A0A6S8BYG3.1,A0A6S8B3X8.1&A0A6S8BRI6.1&A0A6S8BYG3.1&A0A6S8CZC0.1&A0A6S8D3R0.1
A0A6S8CZC0.1,A0A6S8B3X8.1&A0A6S8BRI6.1&A0A6S8BYG3.1&A0A6S8CZC0.1&A0A6S8D3R0.1
A0A6S8D3R0.1,A0A6S8B3X8.1&A0A6S8BRI6.1&A0A6S8BYG3.1&A0A6S8CZC0.1&A0A6S8D3R0.1
A0A6S8B4X6.1,A0A6S8B4X6.1&A0A6S8E3A7.1
A0A6S8E3A7.1,A0A6S8B4X6.1&A0A6S8E3A7.1
A0A6S8B5H2.1,A0A6S8B5H2.1&A0A6S8ERW4.1&A0A6S8ES76.1
A0A6S8ERW4.1,A0A6S8B5H2.1&A0A6S8ERW4.1&A0A6S8ES76.1
A0A6S8ES76.1,A0A6S8B5H2.1&A0A6S8ERW4.1&A0A6S8ES76.1
A0A6S8B5Q6.1,A0A6S8B5Q6.1&A0A6S8BJ10.1&A0A6S8BLX2.1&A0A6S8D3L5.1&A0A6S8E2E2.1&A0A6S8E7X5.1&A0A6S8ENG2.1&A0A6S8EVP3.1&A0A6S8FVZ5.1
A0A6S8BJ10.1,A0A6S8B5Q6.1&A0A6S8BJ10.1&A0A6S8BLX2.1&A0A6S8D3L5.1&A0A6S8E2E2.1&A0A6S8E7X5.1&A0A6S8ENG2.1&A0A6S8EVP3.1&A0A6S8FVZ5.1
A0A6S8BLX2.1,A0A6S8B5Q6.1&A0A6S8BJ10.1&A0A6S8BLX2.1&A0A6S8D3L5.1&A0A6S8E2E2.1&A0A6S8E7X5.1&A0A6S8ENG2.1&A0A6S8EVP3.1&A0A6S8FVZ5.1
A0A6S8D3L5.1,A0A6S8B5Q6.1&A0A6S8BJ10.1&A0A6S8BLX2.1&A0A6S8D3L5.1&A0A6S8E2E2.1&A0A6S8E7X5.1&A0A6S8ENG2.1&A0A6S8EVP3.1&A0A6S8FVZ5.1
A0A6S8E2E2.1,A0A6S8B5Q6.1&A0A6S8BJ10.1&A0A6S8BLX2.1&A0A6S8D3L5.1&A0A6S8E2E2.1&A0A6S8E7X5.1&A0A6S8ENG2.1&A0A6S8EVP3.1&A0A6S8FVZ5.1
A0A6S8E7X5.1,A0A6S8B5Q6.1&A0A6S8BJ10.1&A0A6S8BLX2.1&A0A6S8D3L5.1&A0A6S8E2E2.1&A0A6S8E7X5.1&A0A6S8ENG2.1&A0A6S8EVP3.1&A0A6S8FVZ5.1
A0A6S8B679.1,A0A6S8B679.1&A0A6S8BBF7.1
A0A6S8BBF7.1,A0A6S8B679.1&A0A6S8BBF7.1
A0A6S8B693.1,A0A6S8B693.1&A0A6S8F061.1
A0A6S8F061.1,A0A6S8B693.1&A0A6S8F061.1
A0A6S8B716.1,A0A6S8B716.1&A0A6S8FKQ9.1&A0A6S8FTM7.1
A0A6S8FKQ9.1,A0A6S8B716.1&A0A6S8FKQ9.1&A0A6S8FTM7.1
A0A6S8FTM7.1,A0A6S8B716.1&A0A6S8FKQ9.1&A0A6S8FTM7.1
A0A6S8B780.1,A0A6S8B780.1&A0A6S8BPJ9.1
A0A6S8BPJ9.1,A0A6S8B780.1&A0A6S8BPJ9.1
A0A6S8B7E8.1,A0A6S8B7E8.1&A0A6S8E8Q5.1
A0A6S8E8Q5.1,A0A6S8B7E8.1&A0A6S8E8Q5.1
A0A6S8B8B9.1,A0A6S8B8B9.1&A0A6S8DPL9.1
A0A6S8DPL9.1,A0A6S8B8B9.1&A0A6S8DPL9.1
A0A6S8B9C1.1,A0A6S8B9C1.1&A0A6S8GC28.1
A0A6S8GC28.1,A0A6S8B9C1.1&A0A6S8GC28.1
A0A6S8B9F5.1,A0A6S8B9F5.1&A0A6S8BFD7.1&A0A6S8C202.1&A0A6S8CC71.1&A0A6S8CF70.1
A0A6S8BFD7.1,A0A6S8B9F5.1&A0A6S8BFD7.1&A0A6S8C202.1&A0A6S8CC71.1&A0A6S8CF70.1
A0A6S8C202.1,A0A6S8B9F5.1&A0A6S8BFD7.1&A0A6S8C202.1&A0A6S8CC71.1&A0A6S8CF70.1
A0A6S8CC71.1,A0A6S8B9F5.1&A0A6S8BFD7.1&A0A6S8C202.1&A0A6S8CC71.1&A0A6S8CF70.1
A0A6S8CF70.1,A0A6S8B9F5.1&A0A6S8BFD7.1&A0A6S8C202.1&A0A6S8CC71.1&A0A6S8CF70.1
A0A6S8B9J4.1,A0A6S8B9J4.1&A0A6S8F1A1.1
A0A6S8F1A1.1,A0A6S8B9J4.1&A0A6S8F1A1.1
A0A6S8BC02.1,A0A6S8BC02.1&A0A6S8DXU1.1
A0A6S8DXU1.1,A0A6S8BC02.1&A0A6S8DXU1.1
A0A6S8BC51.1,A0A6S8BC51.1&A0A6S8BTD6.1&A0A6S8C171.1&A0A6S8DLU8.1&A0A6S8EGW4.1&A0A6S8EUS0.1
A0A6S8BTD6.1,A0A6S8BC51.1&A0A6S8BTD6.1&A0A6S8C171.1&A0A6S8DLU8.1&A0A6S8EGW4.1&A0A6S8EUS0.1
A0A6S8C171.1,A0A6S8BC51.1&A0A6S8BTD6.1&A0A6S8C171.1&A0A6S8DLU8.1&A0A6S8EGW4.1&A0A6S8EUS0.1
A0A6S8DLU8.1,A0A6S8BC51.1&A0A6S8BTD6.1&A0A6S8C171.1&A0A6S8DLU8.1&A0A6S8EGW4.1&A0A6S8EUS0.1
A0A6S8EGW4.1,A0A6S8BC51.1&A0A6S8BTD6.1&A0A6S8C171.1&A0A6S8DLU8.1&A0A6S8EGW4.1&A0A6S8EUS0.1
A0A6S8EUS0.1,A0A6S8BC51.1&A0A6S8BTD6.1&A0A6S8C171.1&A0A6S8DLU8.1&A0A6S8EGW4.1&A0A6S8EUS0.1
A0A6S8BEV7.1,A0A6S8BEV7.1&A0A6S8ERH6.1
A0A6S8ERH6.1,A0A6S8BEV7.1&A0A6S8ERH6.1
A0A6S8BF91.1,A0A6S8BF91.1&A0A6S8CHX9.1&A0A6S8EMX8.1
A0A6S8CHX9.1,A0A6S8BF91.1&A0A6S8CHX9.1&A0A6S8EMX8.1
A0A6S8EMX8.1,A0A6S8BF91.1&A0A6S8CHX9.1&A0A6S8EMX8.1
A0A6S8BGH2.1,A0A6S8BGH2.1&A0A6S8ETE6.1
A0A6S8ETE6.1,A0A6S8BGH2.1&A0A6S8ETE6.1
A0A6S8BGX2.1,A0A6S8BGX2.1&A0A6S8DFG1.1
A0A6S8DFG1.1,A0A6S8BGX2.1&A0A6S8DFG1.1
A0A6S8BH62.1,A0A6S8BH62.1&A0A6S8FML1.1
A0A6S8FML1.1,A0A6S8BH62.1&A0A6S8FML1.1
A0A6S8BHH5.1,A0A6S8BHH5.1&A0A6S8D5M3.1
A0A6S8D5M3.1,A0A6S8BHH5.1&A0A6S8D5M3.1
A0A6S8BHK1.1,A0A6S8BHK1.1&A0A6S8EN45.1
A0A6S8EN45.1,A0A6S8BHK1.1&A0A6S8EN45.1
A0A6S8BJ88.1,A0A6S8BJ88.1&A0A6S8BXJ2.1&A0A6S8C0K9.1&A0A6S8F8L0.1
A0A6S8BXJ2.1,A0A6S8BJ88.1&A0A6S8BXJ2.1&A0A6S8C0K9.1&A0A6S8F8L0.1
A0A6S8C0K9.1,A0A6S8BJ88.1&A0A6S8BXJ2.1&A0A6S8C0K9.1&A0A6S8F8L0.1
A0A6S8F8L0.1,A0A6S8BJ88.1&A0A6S8BXJ2.1&A0A6S8C0K9.1&A0A6S8F8L0.1
A0A6S8BKH2.1,A0A6S8BKH2.1&A0A6S8EUL3.1
A0A6S8EUL3.1,A0A6S8BKH2.1&A0A6S8EUL3.1
A0A6S8BMA6.1,A0A6S8BMA6.1&A0A6S8C6L2.1&A0A6S8F026.1
A0A6S8C6L2.1,A0A6S8BMA6.1&A0A6S8C6L2.1&A0A6S8F026.1
A0A6S8F026.1,A0A6S8BMA6.1&A0A6S8C6L2.1&A0A6S8F026.1
A0A6S8BP67.1,A0A6S8BP67.1&A0A6S8FB86.1
A0A6S8FB86.1,A0A6S8BP67.1&A0A6S8FB86.1
A0A6S8BPY1.1,A0A6S8BPY1.1&A0A6S8DJZ6.1
A0A6S8DJZ6.1,A0A6S8BPY1.1&A0A6S8DJZ6.1
A0A6S8BQG2.1,A0A6S8BQG2.1&A0A6S8G036.1
A0A6S8G036.1,A0A6S8BQG2.1&A0A6S8G036.1
A0A6S8BR03.1,A0A6S8BR03.1&A0A6S8E0K0.1&A0A6S8E4B2.1&A0A6S8G123.1&A0A6S8G4U0.1&A0A6S8GBI0.1
A0A6S8E0K0.1,A0A6S8BR03.1&A0A6S8E0K0.1&A0A6S8E4B2.1&A0A6S8G123.1&A0A6S8G4U0.1&A0A6S8GBI0.1
A0A6S8E4B2.1,A0A6S8BR03.1&A0A6S8E0K0.1&A0A6S8E4B2.1&A0A6S8G123.1&A0A6S8G4U0.1&A0A6S8GBI0.1
A0A6S8G123.1,A0A6S8BR03.1&A0A6S8E0K0.1&A0A6S8E4B2.1&A0A6S8G123.1&A0A6S8G4U0.1&A0A6S8GBI0.1
A0A6S8G4U0.1,A0A6S8BR03.1&A0A6S8E0K0.1&A0A6S8E4B2.1&A0A6S8G123.1&A0A6S8G4U0.1&A0A6S8GBI0.1
A0A6S8GBI0.1,A0A6S8BR03.1&A0A6S8E0K0.1&A0A6S8E4B2.1&A0A6S8G123.1&A0A6S8G4U0.1&A0A6S8GBI0.1
A0A6S8BRF6.1,A0A6S8BRF6.1&A0A6S8C3J1.1
A0A6S8C3J1.1,A0A6S8BRF6.1&A0A6S8C3J1.1
A0A6S8BRM3.1,A0A6S8BRM3.1&A0A6S8FM05.1
A0A6S8FM05.1,A0A6S8BRM3.1&A0A6S8FM05.1
A0A6S8BS36.1,A0A6S8BS36.1&A0A6S8FYW9.1
A0A6S8FYW9.1,A0A6S8BS36.1&A0A6S8FYW9.1
A0A6S8BSU8.1,A0A6S8BSU8.1&A0A6S8EAR2.1
A0A6S8EAR2.1,A0A6S8BSU8.1&A0A6S8EAR2.1
A0A6S8BT10.1,A0A6S8BT10.1&A0A6S8E442.1&A0A6S8F2D5.1
A0A6S8E442.1,A0A6S8BT10.1&A0A6S8E442.1&A0A6S8F2D5.1
A0A6S8F2D5.1,A0A6S8BT10.1&A0A6S8E442.1&A0A6S8F2D5.1
A0A6S8BTB0.1,A0A6S8BTB0.1&A0A6S8BWC0.1
A0A6S8BWC0.1,A0A6S8BTB0.1&A0A6S8BWC0.1
A0A6S8BTM4.1,A0A6S8BTM4.1&A0A6S8CE19.1&A0A6S8FXA4.1
A0A6S8CE19.1,A0A6S8BTM4.1&A0A6S8CE19.1&A0A6S8FXA4.1
A0A6S8FXA4.1,A0A6S8BTM4.1&A0A6S8CE19.1&A0A6S8FXA4.1
A0A6S8BUA7.1,A0A6S8BUA7.1&A0A6S8D0L1.1&A0A6S8D5R7.1&A0A6S8E3N8.1&A0A6S8FQP7.1
A0A6S8D0L1.1,A0A6S8BUA7.1&A0A6S8D0L1.1&A0A6S8D5R7.1&A0A6S8E3N8.1&A0A6S8FQP7.1
A0A6S8D5R7.1,A0A6S8BUA7.1&A0A6S8D0L1.1&A0A6S8D5R7.1&A0A6S8E3N8.1&A0A6S8FQP7.1
A0A6S8E3N8.1,A0A6S8BUA7.1&A0A6S8D0L1.1&A0A6S8D5R7.1&A0A6S8E3N8.1&A0A6S8FQP7.1
A0A6S8FQP7.1,A0A6S8BUA7.1&A0A6S8D0L1.1&A0A6S8D5R7.1&A0A6S8E3N8.1&A0A6S8FQP7.1
A0A6S8BUE0.1,A0A6S8BUE0.1&A0A6S8EH28.1&A0A6S8FU47.1
A0A6S8EH28.1,A0A6S8BUE0.1&A0A6S8EH28.1&A0A6S8FU47.1
A0A6S8FU47.1,A0A6S8BUE0.1&A0A6S8EH28.1&A0A6S8FU47.1
A0A6S8BVI2.1,A0A6S8BVI2.1&A0A6S8EDJ3.1
A0A6S8EDJ3.1,A0A6S8BVI2.1&A0A6S8EDJ3.1
A0A6S8BWM4.1,A0A6S8BWM4.1&A0A6S8E157.1
A0A6S8E157.1,A0A6S8BWM4.1&A0A6S8E157.1
A0A6S8BX06.1,A0A6S8BX06.1&A0A6S8C703.1
A0A6S8C703.1,A0A6S8BX06.1&A0A6S8C703.1
A0A6S8BXP1.1,A0A6S8BXP1.1&A0A6S8GBW6.1
A0A6S8GBW6.1,A0A6S8BXP1.1&A0A6S8GBW6.1
A0A6S8BXR6.1,A0A6S8BXR6.1&A0A6S8D6U4.1&A0A6S8DAR2.1&A0A6S8E4U2.1&A0A6S8EU71.1&A0A6S8FZ96.1
A0A6S8D6U4.1,A0A6S8BXR6.1&A0A6S8D6U4.1&A0A6S8DAR2.1&A0A6S8E4U2.1&A0A6S8EU71.1&A0A6S8FZ96.1
A0A6S8DAR2.1,A0A6S8BXR6.1&A0A6S8D6U4.1&A0A6S8DAR2.1&A0A6S8E4U2.1&A0A6S8EU71.1&A0A6S8FZ96.1
A0A6S8E4U2.1,A0A6S8BXR6.1&A0A6S8D6U4.1&A0A6S8DAR2.1&A0A6S8E4U2.1&A0A6S8EU71.1&A0A6S8FZ96.1
A0A6S8EU71.1,A0A6S8BXR6.1&A0A6S8D6U4.1&A0A6S8DAR2.1&A0A6S8E4U2.1&A0A6S8EU71.1&A0A6S8FZ96.1
A0A6S8FZ96.1,A0A6S8BXR6.1&A0A6S8D6U4.1&A0A6S8DAR2.1&A0A6S8E4U2.1&A0A6S8EU71.1&A0A6S8FZ96.1
A0A6S8C0L7.1,A0A6S8C0L7.1&A0A6S8C343.1
A0A6S8C343.1,A0A6S8C0L7.1&A0A6S8C343.1
A0A6S8C0T1.1,A0A6S8C0T1.1&A0A6S8CCC3.1
A0A6S8CCC3.1,A0A6S8C0T1.1&A0A6S8CCC3.1
A0A6S8C148.1,A0A6S8C148.1&A0A6S8EBU5.1&A0A6S8ETF6.1
A0A6S8EBU5.1,A0A6S8C148.1&A0A6S8EBU5.1&A0A6S8ETF6.1
A0A6S8ETF6.1,A0A6S8C148.1&A0A6S8EBU5.1&A0A6S8ETF6.1
A0A6S8C286.1,A0A6S8C286.1&A0A6S8D8J3.1
A0A6S8D8J3.1,A0A6S8C286.1&A0A6S8D8J3.1
A0A6S8C3H0.1,A0A6S8C3H0.1&A0A6S8DFL9.1&A0A6S8GI41.1
A0A6S8DFL9.1,A0A6S8C3H0.1&A0A6S8DFL9.1&A0A6S8GI41.1
A0A6S8GI41.1,A0A6S8C3H0.1&A0A6S8DFL9.1&A0A6S8GI41.1
A0A6S8C3N2.1,A0A6S8C3N2.1&A0A6S8EZC4.1&A0A6S8F601.1&A0A6S8F7D6.1&A0A6S8FAU9.1&A0A6S8G5T7.1
A0A6S8EZC4.1,A0A6S8C3N2.1&A0A6S8EZC4.1&A0A6S8F601.1&A0A6S8F7D6.1&A0A6S8FAU9.1&A0A6S8G5T7.1
A0A6S8F601.1,A0A6S8C3N2.1&A0A6S8EZC4.1&A0A6S8F601.1&A0A6S8F7D6.1&A0A6S8FAU9.1&A0A6S8G5T7.1
A0A6S8F7D6.1,A0A6S8C3N2.1&A0A6S8EZC4.1&A0A6S8F601.1&A0A6S8F7D6.1&A0A6S8FAU9.1&A0A6S8G5T7.1
A0A6S8FAU9.1,A0A6S8C3N2.1&A0A6S8EZC4.1&A0A6S8F601.1&A0A6S8F7D6.1&A0A6S8FAU9.1&A0A6S8G5T7.1
A0A6S8G5T7.1,A0A6S8C3N2.1&A0A6S8EZC4.1&A0A6S8F601.1&A0A6S8F7D6.1&A0A6S8FAU9.1&A0A6S8G5T7.1
A0A6S8C3Q4.1,A0A6S8C3Q4.1&A0A6S8FRM5.1
A0A6S8FRM5.1,A0A6S8C3Q4.1&A0A6S8FRM5.1
A0A6S8C4I1.1,A0A6S8C4I1.1&A0A6S8C6Z6.1
A0A6S8C6Z6.1,A0A6S8C4I1.1&A0A6S8C6Z6.1
A0A6S8C5C6.1,A0A6S8C5C6.1&A0A6S8DFV9.1
A0A6S8DFV9.1,A0A6S8C5C6.1&A0A6S8DFV9.1
A0A6S8C733.1,A0A6S8C733.1&A0A6S8FPG2.1
A0A6S8FPG2.1,A0A6S8C733.1&A0A6S8FPG2.1
A0A6S8C7A2.1,A0A6S8C7A2.1&A0A6S8D6Z3.1
A0A6S8D6Z3.1,A0A6S8C7A2.1&A0A6S8D6Z3.1
A0A6S8C803.1,A0A6S8C803.1&A0A6S8FTA9.1
A0A6S8FTA9.1,A0A6S8C803.1&A0A6S8FTA9.1
A0A6S8C9S4.1,A0A6S8C9S4.1&A0A6S8EXN2.1
A0A6S8EXN2.1,A0A6S8C9S4.1&A0A6S8EXN2.1
A0A6S8CA55.1,A0A6S8CA55.1&A0A6S8DVD4.1
A0A6S8DVD4.1,A0A6S8CA55.1&A0A6S8DVD4.1
A0A6S8CAU2.1,A0A6S8CAU2.1&A0A6S8FRV1.1
A0A6S8FRV1.1,A0A6S8CAU2.1&A0A6S8FRV1.1
A0A6S8CCT2.1,A0A6S8CCT2.1&A0A6S8CJB1.1
A0A6S8CJB1.1,A0A6S8CCT2.1&A0A6S8CJB1.1
A0A6S8CFX4.1,A0A6S8CFX4.1&A0A6S8ER77.1
A0A6S8ER77.1,A0A6S8CFX4.1&A0A6S8ER77.1
A0A6S8CGP4.1,A0A6S8CGP4.1&A0A6S8EPY4.1
A0A6S8EPY4.1,A0A6S8CGP4.1&A0A6S8EPY4.1
A0A6S8CGR3.1,A0A6S8CGR3.1&A0A6S8GBN1.1
A0A6S8GBN1.1,A0A6S8CGR3.1&A0A6S8GBN1.1
A0A6S8CIG3.1,A0A6S8CIG3.1&A0A6S8EE81.1&A0A6S8FEI9.1
A0A6S8EE81.1,A0A6S8CIG3.1&A0A6S8EE81.1&A0A6S8FEI9.1
A0A6S8FEI9.1,A0A6S8CIG3.1&A0A6S8EE81.1&A0A6S8FEI9.1
A0A6S8CII0.1,A0A6S8CII0.1&A0A6S8GHE4.1
A0A6S8GHE4.1,A0A6S8CII0.1&A0A6S8GHE4.1
A0A6S8CJ97.1,A0A6S8CJ97.1&A0A6S8EYZ3.1
A0A6S8EYZ3.1,A0A6S8CJ97.1&A0A6S8EYZ3.1
A0A6S8CJE4.1,A0A6S8CJE4.1&A0A6S8E265.1
A0A6S8E265.1,A0A6S8CJE4.1&A0A6S8E265.1
A0A6S8CKZ2.1,A0A6S8CKZ2.1&A0A6S8CPU0.1
A0A6S8CPU0.1,A0A6S8CKZ2.1&A0A6S8CPU0.1
A0A6S8CMY8.1,A0A6S8CMY8.1&A0A6S8CRL4.1
A0A6S8CRL4.1,A0A6S8CMY8.1&A0A6S8CRL4.1
A0A6S8CPU2.1,A0A6S8CPU2.1&A0A6S8E460.1
A0A6S8E460.1,A0A6S8CPU2.1&A0A6S8E460.1
A0A6S8CR83.1,A0A6S8CR83.1&A0A6S8FBU3.1
A0A6S8FBU3.1,A0A6S8CR83.1&A0A6S8FBU3.1
A0A6S8CSR4.1,A0A6S8CSR4.1&A0A6S8E4T1.1&A0A6S8EDM6.1&A0A6S8EE04.1&A0A6S8EF49.1&A0A6S8EG90.1&A0A6S8F085.1&A0A6S8FIG0.1&A0A6S8GDB2.1
A0A6S8E4T1.1,A0A6S8CSR4.1&A0A6S8E4T1.1&A0A6S8EDM6.1&A0A6S8EE04.1&A0A6S8EF49.1&A0A6S8EG90.1&A0A6S8F085.1&A0A6S8FIG0.1&A0A6S8GDB2.1
A0A6S8EDM6.1,A0A6S8CSR4.1&A0A6S8E4T1.1&A0A6S8EDM6.1&A0A6S8EE04.1&A0A6S8EF49.1&A0A6S8EG90.1&A0A6S8F085.1&A0A6S8FIG0.1&A0A6S8GDB2.1
A0A6S8EE04.1,A0A6S8CSR4.1&A0A6S8E4T1.1&A0A6S8EDM6.1&A0A6S8EE04.1&A0A6S8EF49.1&A0A6S8EG90.1&A0A6S8F085.1&A0A6S8FIG0.1&A0A6S8GDB2.1
A0A6S8EF49.1,A0A6S8CSR4.1&A0A6S8E4T1.1&A0A6S8EDM6.1&A0A6S8EE04.1&A0A6S8EF49.1&A0A6S8EG90.1&A0A6S8F085.1&A0A6S8FIG0.1&A0A6S8GDB2.1
A0A6S8EG90.1,A0A6S8CSR4.1&A0A6S8E4T1.1&A0A6S8EDM6.1&A0A6S8EE04.1&A0A6S8EF49.1&A0A6S8EG90.1&A0A6S8F085.1&A0A6S8FIG0.1&A0A6S8GDB2.1
A0A6S8CTK2.1,A0A6S8CTK2.1&A0A6S8DVY6.1
A0A6S8DVY6.1,A0A6S8CTK2.1&A0A6S8DVY6.1
A0A6S8CWQ5.1,A0A6S8CWQ5.1&A0A6S8E0K8.1
A0A6S8E0K8.1,A0A6S8CWQ5.1&A0A6S8E0K8.1
A0A6S8CYC1.1,A0A6S8CYC1.1&A0A6S8DL82.1&A0A6S8EAY4.1
A0A6S8DL82.1,A0A6S8CYC1.1&A0A6S8DL82.1&A0A6S8EAY4.1
A0A6S8EAY4.1,A0A6S8CYC1.1&A0A6S8DL82.1&A0A6S8EAY4.1
A0A6S8D2G0.1,A0A6S8D2G0.1&A0A6S8GHF1.1
A0A6S8GHF1.1,A0A6S8D2G0.1&A0A6S8GHF1.1
A0A6S8D321.1,A0A6S8D321.1&A0A6S8DZG8.1
A0A6S8DZG8.1,A0A6S8D321.1&A0A6S8DZG8.1
A0A6S8D3H8.1,A0A6S8D3H8.1&A0A6S8FMS7.1
A0A6S8FMS7.1,A0A6S8D3H8.1&A0A6S8FMS7.1
A0A6S8D6D4.1,A0A6S8D6D4.1&A0A6S8F3U9.1
A0A6S8F3U9.1,A0A6S8D6D4.1&A0A6S8F3U9.1
A0A6S8D7F5.1,A0A6S8D7F5.1&A0A6S8FQA0.1
A0A6S8FQA0.1,A0A6S8D7F5.1&A0A6S8FQA0.1
A0A6S8D8W5.1,A0A6S8D8W5.1&A0A6S8EHV2.1
A0A6S8EHV2.1,A0A6S8D8W5.1&A0A6S8EHV2.1
A0A6S8DEW9.1,A0A6S8DEW9.1&A0A6S8E4B7.1&A0A6S8EQN1.1
A0A6S8E4B7.1,A0A6S8DEW9.1&A0A6S8E4B7.1&A0A6S8EQN1.1
A0A6S8EQN1.1,A0A6S8DEW9.1&A0A6S8E4B7.1&A0A6S8EQN1.1
A0A6S8DKN1.1,A0A6S8DKN1.1&A0A6S8DKR0.1&A0A6S8DKR7.1
A0A6S8DKR0.1,A0A6S8DKN1.1&A0A6S8DKR0.1&A0A6S8DKR7.1
A0A6S8DKR7.1,A0A6S8DKN1.1&A0A6S8DKR0.1&A0A6S8DKR7.1
A0A6S8DM75.1,A0A6S8DM75.1&A0A6S8E6X9.1
A0A6S8E6X9.1,A0A6S8DM75.1&A0A6S8E6X9.1
A0A6S8DQI3.1,A0A6S8DQI3.1&A0A6S8DR79.1
A0A6S8DR79.1,A0A6S8DQI3.1&A0A6S8DR79.1
A0A6S8DS33.1,A0A6S8DS33.1&A0A6S8ECN7.1
A0A6S8ECN7.1,A0A6S8DS33.1&A0A6S8ECN7.1
A0A6S8DSV2.1,A0A6S8DSV2.1&A0A6S8E4U6.1
A0A6S8E4U6.1,A0A6S8DSV2.1&A0A6S8E4U6.1
A0A6S8DSW7.1,A0A6S8DSW7.1&A0A6S8DSX8.1&A0A6S8DTY1.1&A0A6S8DTZ0.1
A0A6S8DSX8.1,A0A6S8DSW7.1&A0A6S8DSX8.1&A0A6S8DTY1.1&A0A6S8DTZ0.1
A0A6S8DTY1.1,A0A6S8DSW7.1&A0A6S8DSX8.1&A0A6S8DTY1.1&A0A6S8DTZ0.1
A0A6S8DTZ0.1,A0A6S8DSW7.1&A0A6S8DSX8.1&A0A6S8DTY1.1&A0A6S8DTZ0.1
A0A6S8DUA1.1,A0A6S8DUA1.1&A0A6S8GB22.1
A0A6S8GB22.1,A0A6S8DUA1.1&A0A6S8GB22.1
A0A6S8DXI7.1,A0A6S8DXI7.1&A0A6S8GHM7.1
A0A6S8GHM7.1,A0A6S8DXI7.1&A0A6S8GHM7.1
A0A6S8DXL5.1,A0A6S8DXL5.1&A0A6S8DZJ9.1
A0A6S8DZJ9.1,A0A6S8DXL5.1&A0A6S8DZJ9.1
A0A6S8DZ74.1,A0A6S8DZ74.1&A0A6S8ERG8.1
A0A6S8ERG8.1,A0A6S8DZ74.1&A0A6S8ERG8.1
A0A6S8E2L5.1,A0A6S8E2L5.1&A0A6S8EGD5.1&A0A6S8G5T6.1
A0A6S8EGD5.1,A0A6S8E2L5.1&A0A6S8EGD5.1&A0A6S8G5T6.1
A0A6S8G5T6.1,A0A6S8E2L5.1&A0A6S8EGD5.1&A0A6S8G5T6.1
A0A6S8E2M9.1,A0A6S8E2M9.1&A0A6S8E8K9.1
A0A6S8E8K9.1,A0A6S8E2M9.1&A0A6S8E8K9.1
A0A6S8E965.1,A0A6S8E965.1&A0A6S8E988.1&A0A6S8EFU1.1&A0A6S8EG84.1
A0A6S8E988.1,A0A6S8E965.1&A0A6S8E988.1&A0A6S8EFU1.1&A0A6S8EG84.1
A0A6S8EFU1.1,A0A6S8E965.1&A0A6S8E988.1&A0A6S8EFU1.1&A0A6S8EG84.1
A0A6S8EG84.1,A0A6S8E965.1&A0A6S8E988.1&A0A6S8EFU1.1&A0A6S8EG84.1
A0A6S8EBZ4.1,A0A6S8EBZ4.1&A0A6S8FJ81.1
A0A6S8FJ81.1,A0A6S8EBZ4.1&A0A6S8FJ81.1
A0A6S8EDH4.1,A0A6S8EDH4.1&A0A6S8EDR7.1&A0A6S8EHW7.1
A0A6S8EDR7.1,A0A6S8EDH4.1&A0A6S8EDR7.1&A0A6S8EHW7.1
A0A6S8EHW7.1,A0A6S8EDH4.1&A0A6S8EDR7.1&A0A6S8EHW7.1
A0A6S8EE01.1,A0A6S8EE01.1&A0A6S8EJA6.1
A0A6S8EJA6.1,A0A6S8EE01.1&A0A6S8EJA6.1
A0A6S8EHD1.1,A0A6S8EHD1.1&A0A6S8EIY2.1
A0A6S8EIY2.1,A0A6S8EHD1.1&A0A6S8EIY2.1
A0A6S8EIA4.1,A0A6S8EIA4.1&A0A6S8EM66.1
A0A6S8EM66.1,A0A6S8EIA4.1&A0A6S8EM66.1
A0A6S8EK22.1,A0A6S8EK22.1&A0A6S8EP80.1
A0A6S8EP80.1,A0A6S8EK22.1&A0A6S8EP80.1
A0A6S8ELI4.1,A0A6S8ELI4.1&A0A6S8FQD3.1
A0A6S8FQD3.1,A0A6S8ELI4.1&A0A6S8FQD3.1
A0A6S8ELL9.1,A0A6S8ELL9.1&A0A6S8F607.1&A0A6S8FJ08.1
A0A6S8F607.1,A0A6S8ELL9.1&A0A6S8F607.1&A0A6S8FJ08.1
A0A6S8FJ08.1,A0A6S8ELL9.1&A0A6S8F607.1&A0A6S8FJ08.1
A0A6S8ELQ4.1,A0A6S8ELQ4.1&A0A6S8GD72.1
A0A6S8GD72.1,A0A6S8ELQ4.1&A0A6S8GD72.1
A0A6S8EMC0.1,A0A6S8EMC0.1&A0A6S8F548.1
A0A6S8F548.1,A0A6S8EMC0.1&A0A6S8F548.1
A0A6S8ER29.1,A0A6S8ER29.1&A0A6S8FRG0.1
A0A6S8FRG0.1,A0A6S8ER29.1&A0A6S8FRG0.1
A0A6S8ESI5.1,A0A6S8ESI5.1&A0A6S8F621.1
A0A6S8F621.1,A0A6S8ESI5.1&A0A6S8F621.1
A0A6S8ESX0.1,A0A6S8ESX0.1&A0A6S8GCC2.1
A0A6S8GCC2.1,A0A6S8ESX0.1&A0A6S8GCC2.1
A0A6S8ETT4.1,A0A6S8ETT4.1&A0A6S8F4C6.1
A0A6S8F4C6.1,A0A6S8ETT4.1&A0A6S8F4C6.1
A0A6S8EVH3.1,A0A6S8EVH3.1&A0A6S8EVI5.1
A0A6S8EVI5.1,A0A6S8EVH3.1&A0A6S8EVI5.1
A0A6S8EVU9.1,A0A6S8EVU9.1&A0A6S8EWL5.1
A0A6S8EWL5.1,A0A6S8EVU9.1&A0A6S8EWL5.1
A0A6S8EXY6.1,A0A6S8EXY6.1&A0A6S8F057.1
A0A6S8F057.1,A0A6S8EXY6.1&A0A6S8F057.1
A0A6S8F0P1.1,A0A6S8F0P1.1&A0A6S8FV23.1
A0A6S8FV23.1,A0A6S8F0P1.1&A0A6S8FV23.1
A0A6S8F105.1,A0A6S8F105.1&A0A6S8F8I3.1
A0A6S8F8I3.1,A0A6S8F105.1&A0A6S8F8I3.1
A0A6S8F3P4.1,A0A6S8F3P4.1&A0A6S8F451.1&A0A6S8G3U7.1
A0A6S8F451.1,A0A6S8F3P4.1&A0A6S8F451.1&A0A6S8G3U7.1
A0A6S8G3U7.1,A0A6S8F3P4.1&A0A6S8F451.1&A0A6S8G3U7.1
A0A6S8F5L1.1,A0A6S8F5L1.1&A0A6S8FE04.1
A0A6S8FE04.1,A0A6S8F5L1.1&A0A6S8FE04.1
A0A6S8F5N4.1,A0A6S8F5N4.1&A0A6S8F7M8.1
A0A6S8F7M8.1,A0A6S8F5N4.1&A0A6S8F7M8.1
A0A6S8F891.1,A0A6S8F891.1&A0A6S8FGK3.1
A0A6S8FGK3.1,A0A6S8F891.1&A0A6S8FGK3.1
A0A6S8FF06.1,A0A6S8FF06.1&A0A6S8FQE9.1
A0A6S8FQE9.1,A0A6S8FF06.1&A0A6S8FQE9.1
A0A6S8FFZ4.1,A0A6S8FFZ4.1&A0A6S8G4J6.1&A0A6S8G736.1&A0A6S8G965.1&A0A6S8G9P2.1
A0A6S8G4J6.1,A0A6S8FFZ4.1&A0A6S8G4J6.1&A0A6S8G736.1&A0A6S8G965.1&A0A6S8G9P2.1
A0A6S8G736.1,A0A6S8FFZ4.1&A0A6S8G4J6.1&A0A6S8G736.1&A0A6S8G965.1&A0A6S8G9P2.1
A0A6S8G965.1,A0A6S8FFZ4.1&A0A6S8G4J6.1&A0A6S8G736.1&A0A6S8G965.1&A0A6S8G9P2.1
A0A6S8G9P2.1,A0A6S8FFZ4.1&A0A6S8G4J6.1&A0A6S8G736.1&A0A6S8G965.1&A0A6S8G9P2.1
A0A6S8FHM6.1,A0A6S8FHM6.1&A0A6S8FS07.1
A0A6S8FS07.1,A0A6S8FHM6.1&A0A6S8FS07.1
A0A6S8FQ01.1,A0A6S8FQ01.1&A0A6S8GD77.1
A0A6S8GD77.1,A0A6S8FQ01.1&A0A6S8GD77.1
A0A6S8FUY9.1,A0A6S8FUY9.1&A0A6S8FW41.1
A0A6S8FW41.1,A0A6S8FUY9.1&A0A6S8FW41.1
A0A6S8FV04.1,A0A6S8FV04.1&A0A6S8FYI4.1
A0A6S8FYI4.1,A0A6S8FV04.1&A0A6S8FYI4.1
A0A6S8FW13.1,A0A6S8FW13.1&A0A6S8GAD3.1
A0A6S8GAD3.1,A0A6S8FW13.1&A0A6S8GAD3.1
A0A6S8FWV0.1,A0A6S8FWV0.1&A0A6S8G6P9.1
A0A6S8G6P9.1,A0A6S8FWV0.1&A0A6S8G6P9.1
A0A6S8FY99.1,A0A6S8FY99.1&A0A6S8FZL7.1
A0A6S8FZL7.1,A0A6S8FY99.1&A0A6S8FZL7.1
A0A6S8G5Y6.1,A0A6S8G5Y6.1&A0A6S8GGC9.1
A0A6S8GGC9.1,A0A6S8G5Y6.1&A0A6S8GGC9.1
A0A6S8G8F9.1,A0A6S8G8F9.1&A0A6S8G8Q8.1&A0A6S8GPB0.1
A0A6S8G8Q8.1,A0A6S8G8F9.1&A0A6S8G8Q8.1&A0A6S8GPB0.1
A0A6S8GPB0.1,A0A6S8G8F9.1&A0A6S8G8Q8.1&A0A6S8GPB0.1
A0A6S8GB39.1,A0A6S8GB39.1&A0A6S8GSV1.1
A0A6S8GSV1.1,A0A6S8GB39.1&A0A6S8GSV1.1
