goAcc,desc
GO:0000009,"alpha-1,6-mannosyltransferase activity"
GO:0000015,phosphopyruvate hydratase complex
GO:0000026,"alpha-1,2-mannosyltransferase activity"
GO:0000030,mannosyltransferase activity
GO:0000033,"alpha-1,3-mannosyltransferase activity"
GO:0000036,acyl carrier activity
GO:0000049,tRNA binding
GO:0000062,fatty-acyl-CoA binding
GO:0000103,sulfate assimilation
GO:0000105,histidine biosynthetic process
GO:0000107,imidazoleglycerol-phosphate synthase activity
GO:0000139,Golgi membrane
GO:0000145,exocyst
GO:0000150,DNA strand exchange activity
GO:0000151,ubiquitin ligase complex
GO:0000154,rRNA modification
GO:0000155,phosphorelay sensor kinase activity
GO:0000159,protein phosphatase type 2A complex
GO:0000160,phosphorelay signal transduction system
GO:0000162,tryptophan biosynthetic process
GO:0000166,nucleotide binding
GO:0000175,3'-5'-exoribonuclease activity
GO:0000179,"rRNA (adenine-N6,N6-)-dimethyltransferase activity"
GO:0000213,tRNA-intron endonuclease activity
GO:0000225,N-acetylglucosaminylphosphatidylinositol deacetylase activity
GO:0000226,microtubule cytoskeleton organization
GO:0000245,spliceosomal complex assembly
GO:0000250,lanosterol synthase activity
GO:0000252,C-3 sterol dehydrogenase (C-4 sterol decarboxylase) activity
GO:0000285,1-phosphatidylinositol-3-phosphate 5-kinase activity
GO:0000287,magnesium ion binding
GO:0000293,ferric-chelate reductase activity
GO:0000334,"3-hydroxyanthranilate 3,4-dioxygenase activity"
GO:0000398,"mRNA splicing, via spliceosome"
GO:0000439,transcription factor TFIIH core complex
GO:0000701,purine-specific mismatch base pair DNA N-glycosylase activity
GO:0000724,double-strand break repair via homologous recombination
GO:0000774,adenyl-nucleotide exchange factor activity
GO:0000775,"chromosome, centromeric region"
GO:0000785,chromatin
GO:0000786,nucleosome
GO:0000808,origin recognition complex
GO:0000922,spindle pole
GO:0001522,pseudouridine synthesis
GO:0001671,ATPase activator activity
GO:0001681,sialate O-acetylesterase activity
GO:0001729,ceramide kinase activity
GO:0001735,prenylcysteine oxidase activity
GO:0003676,nucleic acid binding
GO:0003677,DNA binding
GO:0003678,DNA helicase activity
GO:0003682,chromatin binding
GO:0003684,damaged DNA binding
GO:0003689,DNA clamp loader activity
GO:0003697,single-stranded DNA binding
GO:0003700,DNA-binding transcription factor activity
GO:0003712,transcription coregulator activity
GO:0003713,transcription coactivator activity
GO:0003723,RNA binding
GO:0003724,RNA helicase activity
GO:0003725,double-stranded RNA binding
GO:0003735,structural constituent of ribosome
GO:0003743,translation initiation factor activity
GO:0003746,translation elongation factor activity
GO:0003747,translation release factor activity
GO:0003755,peptidyl-prolyl cis-trans isomerase activity
GO:0003756,protein disulfide isomerase activity
GO:0003774,motor activity
GO:0003777,microtubule motor activity
GO:0003779,actin binding
GO:0003810,protein-glutamine gamma-glutamyltransferase activity
GO:0003824,catalytic activity
GO:0003838,sterol 24-C-methyltransferase activity
GO:0003841,1-acylglycerol-3-phosphate O-acyltransferase activity
GO:0003847,1-alkyl-2-acetylglycerophosphocholine esterase activity
GO:0003848,2-amino-4-hydroxy-6-hydroxymethyldihydropteridine diphosphokinase activity
GO:0003849,3-deoxy-7-phosphoheptulonate synthase activity
GO:0003852,2-isopropylmalate synthase activity
GO:0003854,3-beta-hydroxy-delta5-steroid dehydrogenase activity
GO:0003855,3-dehydroquinate dehydratase activity
GO:0003856,3-dehydroquinate synthase activity
GO:0003857,3-hydroxyacyl-CoA dehydrogenase activity
GO:0003861,3-isopropylmalate dehydratase activity
GO:0003862,3-isopropylmalate dehydrogenase activity
GO:0003863,3-methyl-2-oxobutanoate dehydrogenase (2-methylpropanoyl-transferring) activity
GO:0003864,3-methyl-2-oxobutanoate hydroxymethyltransferase activity
GO:0003865,3-oxo-5-alpha-steroid 4-dehydrogenase activity
GO:0003866,3-phosphoshikimate 1-carboxyvinyltransferase activity
GO:0003870,5-aminolevulinate synthase activity
GO:0003872,6-phosphofructokinase activity
GO:0003874,6-pyruvoyltetrahydropterin synthase activity
GO:0003876,AMP deaminase activity
GO:0003879,ATP phosphoribosyltransferase activity
GO:0003883,CTP synthase activity
GO:0003885,"D-arabinono-1,4-lactone oxidase activity"
GO:0003886,DNA (cytosine-5-)-methyltransferase activity
GO:0003887,DNA-directed DNA polymerase activity
GO:0003896,DNA primase activity
GO:0003899,DNA-directed 5'-3' RNA polymerase activity
GO:0003904,deoxyribodipyrimidine photo-lyase activity
GO:0003905,alkylbase DNA N-glycosylase activity
GO:0003906,DNA-(apurinic or apyrimidinic site) endonuclease activity
GO:0003908,methylated-DNA-[protein]-cysteine S-methyltransferase activity
GO:0003910,DNA ligase (ATP) activity
GO:0003911,DNA ligase (NAD+) activity
GO:0003913,DNA photolyase activity
GO:0003916,DNA topoisomerase activity
GO:0003917,"DNA topoisomerase type I (single strand cut, ATP-independent) activity"
GO:0003918,"DNA topoisomerase type II (double strand cut, ATP-hydrolyzing) activity"
GO:0003919,FMN adenylyltransferase activity
GO:0003920,GMP reductase activity
GO:0003922,GMP synthase (glutamine-hydrolyzing) activity
GO:0003923,GPI-anchor transamidase activity
GO:0003924,GTPase activity
GO:0003925,G protein activity
GO:0003934,GTP cyclohydrolase I activity
GO:0003935,GTP cyclohydrolase II activity
GO:0003937,IMP cyclohydrolase activity
GO:0003938,IMP dehydrogenase activity
GO:0003941,L-serine ammonia-lyase activity
GO:0003942,N-acetyl-gamma-glutamyl-phosphate reductase activity
GO:0003949,1-(5-phosphoribosyl)-5-[(5-phosphoribosylamino)methylideneamino]imidazole-4-carboxamide isomerase activity
GO:0003950,"NAD+ ADP-ribosyltransferase activity"
GO:0003951,"NAD+ kinase activity"
GO:0003952,"NAD+ synthase (glutamine-hydrolyzing) activity"
GO:0003954,"NADH dehydrogenase activity"
GO:0003958,"NADPH-hemoprotein reductase activity"
GO:0003959,"NADPH dehydrogenase activity"
GO:0003960,"NADPH:quinone reductase activity"
GO:0003961,O-acetylhomoserine aminocarboxypropyltransferase activity
GO:0003963,RNA-3'-phosphate cyclase activity
GO:0003964,RNA-directed DNA polymerase activity
GO:0003975,UDP-N-acetylglucosamine-dolichyl-phosphate N-acetylglucosaminephosphotransferase activity
GO:0003978,UDP-glucose 4-epimerase activity
GO:0003979,UDP-glucose 6-dehydrogenase activity
GO:0003983,UTP:glucose-1-phosphate uridylyltransferase activity
GO:0003984,acetolactate synthase activity
GO:0003985,acetyl-CoA C-acetyltransferase activity
GO:0003987,acetate-CoA ligase activity
GO:0003988,acetyl-CoA C-acyltransferase activity
GO:0003989,acetyl-CoA carboxylase activity
GO:0003991,acetylglutamate kinase activity
GO:0003992,N2-acetyl-L-ornithine:2-oxoglutarate 5-aminotransferase activity
GO:0003993,acid phosphatase activity
GO:0003994,aconitate hydratase activity
GO:0003995,acyl-CoA dehydrogenase activity
GO:0003997,acyl-CoA oxidase activity
GO:0003998,acylphosphatase activity
GO:0003999,adenine phosphoribosyltransferase activity
GO:0004000,adenosine deaminase activity
GO:0004001,adenosine kinase activity
GO:0004013,adenosylhomocysteinase activity
GO:0004014,adenosylmethionine decarboxylase activity
GO:0004015,adenosylmethionine-8-amino-7-oxononanoate transaminase activity
GO:0004016,adenylate cyclase activity
GO:0004017,adenylate kinase activity
GO:0004018,"N6-(1,2-dicarboxyethyl)AMP AMP-lyase (fumarate-forming) activity"
GO:0004019,adenylosuccinate synthase activity
GO:0004020,adenylylsulfate kinase activity
GO:0004022,alcohol dehydrogenase (NAD+) activity
GO:0004024,"alcohol dehydrogenase activity, zinc-dependent"
GO:0004029,aldehyde dehydrogenase (NAD+) activity
GO:0004033,aldo-keto reductase (NADP) activity
GO:0004034,aldose 1-epimerase activity
GO:0004037,allantoicase activity
GO:0004042,acetyl-CoA:L-glutamate N-acetyltransferase activity
GO:0004044,amidophosphoribosyltransferase activity
GO:0004045,aminoacyl-tRNA hydrolase activity
GO:0004046,aminoacylase activity
GO:0004047,aminomethyltransferase activity
GO:0004048,anthranilate phosphoribosyltransferase activity
GO:0004049,anthranilate synthase activity
GO:0004053,arginase activity
GO:0004055,argininosuccinate synthase activity
GO:0004056,argininosuccinate lyase activity
GO:0004065,arylsulfatase activity
GO:0004066,asparagine synthase (glutamine-hydrolyzing) activity
GO:0004067,asparaginase activity
GO:0004069,L-aspartate:2-oxoglutarate aminotransferase activity
GO:0004070,aspartate carbamoyltransferase activity
GO:0004072,aspartate kinase activity
GO:0004073,aspartate-semialdehyde dehydrogenase activity
GO:0004076,biotin synthase activity
GO:0004077,biotin-[acetyl-CoA-carboxylase] ligase activity
GO:0004085,butyryl-CoA dehydrogenase activity
GO:0004087,carbamoyl-phosphate synthase (ammonia) activity
GO:0004088,carbamoyl-phosphate synthase (glutamine-hydrolyzing) activity
GO:0004089,carbonate dehydratase activity
GO:0004095,carnitine O-palmitoyltransferase activity
GO:0004096,catalase activity
GO:0004105,choline-phosphate cytidylyltransferase activity
GO:0004106,chorismate mutase activity
GO:0004107,chorismate synthase activity
GO:0004108,citrate (Si)-synthase activity
GO:0004109,coproporphyrinogen oxidase activity
GO:0004114,"3',5'-cyclic-nucleotide phosphodiesterase activity"
GO:0004121,cystathionine beta-lyase activity
GO:0004122,cystathionine beta-synthase activity
GO:0004123,cystathionine gamma-lyase activity
GO:0004124,cysteine synthase activity
GO:0004126,cytidine deaminase activity
GO:0004127,cytidylate kinase activity
GO:0004128,"cytochrome-b5 reductase activity, acting on NAD(P)H"
GO:0004129,cytochrome-c oxidase activity
GO:0004131,cytosine deaminase activity
GO:0004139,deoxyribose-phosphate aldolase activity
GO:0004140,dephospho-CoA kinase activity
GO:0004141,dethiobiotin synthase activity
GO:0004143,diacylglycerol kinase activity
GO:0004144,diacylglycerol O-acyltransferase activity
GO:0004148,dihydrolipoyl dehydrogenase activity
GO:0004151,dihydroorotase activity
GO:0004152,dihydroorotate dehydrogenase activity
GO:0004156,dihydropteroate synthase activity
GO:0004160,dihydroxy-acid dehydratase activity
GO:0004163,diphosphomevalonate decarboxylase activity
GO:0004164,diphthine synthase activity
GO:0004170,dUTP diphosphatase activity
GO:0004175,endopeptidase activity
GO:0004176,ATP-dependent peptidase activity
GO:0004177,aminopeptidase activity
GO:0004181,metallocarboxypeptidase activity
GO:0004185,serine-type carboxypeptidase activity
GO:0004190,aspartic-type endopeptidase activity
GO:0004197,cysteine-type endopeptidase activity
GO:0004198,calcium-dependent cysteine-type endopeptidase activity
GO:0004222,metalloendopeptidase activity
GO:0004252,serine-type endopeptidase activity
GO:0004298,threonine-type endopeptidase activity
GO:0004300,enoyl-CoA hydratase activity
GO:0004301,epoxide hydrolase activity
GO:0004306,ethanolamine-phosphate cytidylyltransferase activity
GO:0004307,ethanolaminephosphotransferase activity
GO:0004312,fatty acid synthase activity
GO:0004314,[acyl-carrier-protein] S-malonyltransferase activity
GO:0004315,3-oxoacyl-[acyl-carrier-protein] synthase activity
GO:0004316,3-oxoacyl-[acyl-carrier-protein] reductase (NADPH) activity
GO:0004318,enoyl-[acyl-carrier-protein] reductase (NADH) activity
GO:0004324,ferredoxin-NADP+ reductase activity
GO:0004325,ferrochelatase activity
GO:0004326,tetrahydrofolylpolyglutamate synthase activity
GO:0004329,formate-tetrahydrofolate ligase activity
GO:0004332,fructose-bisphosphate aldolase activity
GO:0004333,fumarate hydratase activity
GO:0004334,fumarylacetoacetase activity
GO:0004335,galactokinase activity
GO:0004336,galactosylceramidase activity
GO:0004342,glucosamine-6-phosphate deaminase activity
GO:0004345,glucose-6-phosphate dehydrogenase activity
GO:0004347,glucose-6-phosphate isomerase activity
GO:0004348,glucosylceramidase activity
GO:0004349,glutamate 5-kinase activity
GO:0004350,glutamate-5-semialdehyde dehydrogenase activity
GO:0004351,glutamate decarboxylase activity
GO:0004352,glutamate dehydrogenase (NAD+) activity
GO:0004356,glutamate-ammonia ligase activity
GO:0004357,glutamate-cysteine ligase activity
GO:0004358,glutamate N-acetyltransferase activity
GO:0004359,glutaminase activity
GO:0004360,glutamine-fructose-6-phosphate transaminase (isomerizing) activity
GO:0004362,glutathione-disulfide reductase (NADPH) activity
GO:0004363,glutathione synthase activity
GO:0004364,glutathione transferase activity
GO:0004365,glyceraldehyde-3-phosphate dehydrogenase (NAD+) (phosphorylating) activity
GO:0004366,glycerol-3-phosphate O-acyltransferase activity
GO:0004367,glycerol-3-phosphate dehydrogenase [NAD+] activity
GO:0004368,glycerol-3-phosphate dehydrogenase (quinone) activity
GO:0004370,glycerol kinase activity
GO:0004371,glycerone kinase activity
GO:0004372,glycine hydroxymethyltransferase activity
GO:0004376,glycolipid mannosyltransferase activity
GO:0004378,"GDP-Man:Man1GlcNAc2-PP-Dol alpha-1,3-mannosyltransferase activity"
GO:0004379,glycylpeptide N-tetradecanoyltransferase activity
GO:0004383,guanylate cyclase activity
GO:0004385,guanylate kinase activity
GO:0004386,helicase activity
GO:0004392,heme oxygenase (decyclizing) activity
GO:0004396,hexokinase activity
GO:0004399,histidinol dehydrogenase activity
GO:0004400,histidinol-phosphate transaminase activity
GO:0004402,histone acetyltransferase activity
GO:0004407,histone deacetylase activity
GO:0004408,holocytochrome-c synthase activity
GO:0004411,"homogentisate 1,2-dioxygenase activity"
GO:0004412,homoserine dehydrogenase activity
GO:0004413,homoserine kinase activity
GO:0004414,homoserine O-acetyltransferase activity
GO:0004416,hydroxyacylglutathione hydrolase activity
GO:0004418,hydroxymethylbilane synthase activity
GO:0004419,hydroxymethylglutaryl-CoA lyase activity
GO:0004420,hydroxymethylglutaryl-CoA reductase (NADPH) activity
GO:0004421,hydroxymethylglutaryl-CoA synthase activity
GO:0004422,hypoxanthine phosphoribosyltransferase activity
GO:0004423,iduronate-2-sulfatase activity
GO:0004424,imidazoleglycerol-phosphate dehydratase activity
GO:0004425,indole-3-glycerol-phosphate synthase activity
GO:0004427,inorganic diphosphatase activity
GO:0004435,phosphatidylinositol phospholipase C activity
GO:0004439,"phosphatidylinositol-4,5-bisphosphate 5-phosphatase activity"
GO:0004445,inositol-polyphosphate 5-phosphatase activity
GO:0004450,isocitrate dehydrogenase (NADP+) activity
GO:0004451,isocitrate lyase activity
GO:0004452,isopentenyl-diphosphate delta-isomerase activity
GO:0004455,ketol-acid reductoisomerase activity
GO:0004462,lactoylglutathione lyase activity
GO:0004467,long-chain fatty acid-CoA ligase activity
GO:0004473,malate dehydrogenase (decarboxylating) (NADP+) activity
GO:0004474,malate synthase activity
GO:0004476,mannose-6-phosphate isomerase activity
GO:0004478,methionine adenosyltransferase activity
GO:0004479,methionyl-tRNA formyltransferase activity
GO:0004484,mRNA guanylyltransferase activity
GO:0004489,methylenetetrahydrofolate reductase (NAD(P)H) activity
GO:0004491,methylmalonate-semialdehyde dehydrogenase (acylating) activity
GO:0004494,methylmalonyl-CoA mutase activity
GO:0004496,mevalonate kinase activity
GO:0004497,monooxygenase activity
GO:0004499,"N,N-dimethylaniline monooxygenase activity"
GO:0004500,dopamine beta-monooxygenase activity
GO:0004502,kynurenine 3-monooxygenase activity
GO:0004512,inositol-3-phosphate synthase activity
GO:0004514,nicotinate-nucleotide diphosphorylase (carboxylating) activity
GO:0004516,nicotinate phosphoribosyltransferase activity
GO:0004518,nuclease activity
GO:0004519,endonuclease activity
GO:0004521,endoribonuclease activity
GO:0004523,RNA-DNA hybrid ribonuclease activity
GO:0004527,exonuclease activity
GO:0004534,5'-3' exoribonuclease activity
GO:0004535,poly(A)-specific ribonuclease activity
GO:0004540,ribonuclease activity
GO:0004550,nucleoside diphosphate kinase activity
GO:0004553,"hydrolase activity, hydrolyzing O-glycosyl compounds"
GO:0004559,alpha-mannosidase activity
GO:0004563,beta-N-acetylhexosaminidase activity
GO:0004567,beta-mannosidase activity
GO:0004568,chitinase activity
GO:0004571,"mannosyl-oligosaccharide 1,2-alpha-mannosidase activity"
GO:0004577,N-acetylglucosaminyldiphosphodolichol N-acetylglucosaminyltransferase activity
GO:0004579,dolichyl-diphosphooligosaccharide-protein glycotransferase activity
GO:0004582,dolichyl-phosphate beta-D-mannosyltransferase activity
GO:0004585,ornithine carbamoyltransferase activity
GO:0004586,ornithine decarboxylase activity
GO:0004587,ornithine-oxo-acid transaminase activity
GO:0004588,orotate phosphoribosyltransferase activity
GO:0004590,orotidine-5'-phosphate decarboxylase activity
GO:0004591,oxoglutarate dehydrogenase (succinyl-transferring) activity
GO:0004592,pantoate-beta-alanine ligase activity
GO:0004594,pantothenate kinase activity
GO:0004596,peptide alpha-N-acetyltransferase activity
GO:0004601,peroxidase activity
GO:0004602,glutathione peroxidase activity
GO:0004604,phosphoadenylyl-sulfate reductase (thioredoxin) activity
GO:0004605,phosphatidate cytidylyltransferase activity
GO:0004608,phosphatidylethanolamine N-methyltransferase activity
GO:0004609,phosphatidylserine decarboxylase activity
GO:0004612,phosphoenolpyruvate carboxykinase (ATP) activity
GO:0004614,phosphoglucomutase activity
GO:0004615,phosphomannomutase activity
GO:0004616,phosphogluconate dehydrogenase (decarboxylating) activity
GO:0004617,phosphoglycerate dehydrogenase activity
GO:0004618,phosphoglycerate kinase activity
GO:0004619,phosphoglycerate mutase activity
GO:0004620,phospholipase activity
GO:0004622,lysophospholipase activity
GO:0004623,phospholipase A2 activity
GO:0004630,phospholipase D activity
GO:0004631,phosphomevalonate kinase activity
GO:0004633,phosphopantothenoylcysteine decarboxylase activity
GO:0004634,phosphopyruvate hydratase activity
GO:0004635,phosphoribosyl-AMP cyclohydrolase activity
GO:0004636,phosphoribosyl-ATP diphosphatase activity
GO:0004637,phosphoribosylamine-glycine ligase activity
GO:0004638,phosphoribosylaminoimidazole carboxylase activity
GO:0004639,phosphoribosylaminoimidazolesuccinocarboxamide synthase activity
GO:0004640,phosphoribosylanthranilate isomerase activity
GO:0004641,phosphoribosylformylglycinamidine cyclo-ligase activity
GO:0004642,phosphoribosylformylglycinamidine synthase activity
GO:0004643,phosphoribosylaminoimidazolecarboxamide formyltransferase activity
GO:0004644,phosphoribosylglycinamide formyltransferase activity
GO:0004647,phosphoserine phosphatase activity
GO:0004648,O-phospho-L-serine:2-oxoglutarate aminotransferase activity
GO:0004652,polynucleotide adenylyltransferase activity
GO:0004654,polyribonucleotide nucleotidyltransferase activity
GO:0004655,porphobilinogen synthase activity
GO:0004656,procollagen-proline 4-dioxygenase activity
GO:0004657,proline dehydrogenase activity
GO:0004658,propionyl-CoA carboxylase activity
GO:0004659,prenyltransferase activity
GO:0004663,Rab geranylgeranyltransferase activity
GO:0004664,prephenate dehydratase activity
GO:0004665,prephenate dehydrogenase (NADP+) activity
GO:0004671,protein C-terminal S-isoprenylcysteine carboxyl O-methyltransferase activity
GO:0004672,protein kinase activity
GO:0004673,protein histidine kinase activity
GO:0004674,protein serine/threonine kinase activity
GO:0004675,transmembrane receptor protein serine/threonine kinase activity
GO:0004679,AMP-activated protein kinase activity
GO:0004683,calmodulin-dependent protein kinase activity
GO:0004691,cAMP-dependent protein kinase activity
GO:0004692,cGMP-dependent protein kinase activity
GO:0004693,cyclin-dependent protein serine/threonine kinase activity
GO:0004698,calcium-dependent protein kinase C activity
GO:0004704,NF-kappaB-inducing kinase activity
GO:0004707,MAP kinase activity
GO:0004708,MAP kinase kinase activity
GO:0004709,MAP kinase kinase kinase activity
GO:0004713,protein tyrosine kinase activity
GO:0004719,protein-L-isoaspartate (D-aspartate) O-methyltransferase activity
GO:0004721,phosphoprotein phosphatase activity
GO:0004722,protein serine/threonine phosphatase activity
GO:0004725,protein tyrosine phosphatase activity
GO:0004729,oxygen-dependent protoporphyrinogen oxidase activity
GO:0004730,pseudouridylate synthase activity
GO:0004731,purine-nucleoside phosphorylase activity
GO:0004733,pyridoxamine-phosphate oxidase activity
GO:0004735,pyrroline-5-carboxylate reductase activity
GO:0004736,pyruvate carboxylase activity
GO:0004739,pyruvate dehydrogenase (acetyl-transferring) activity
GO:0004741,[pyruvate dehydrogenase (lipoamide)] phosphatase activity
GO:0004742,dihydrolipoyllysine-residue acetyltransferase activity
GO:0004743,pyruvate kinase activity
GO:0004746,riboflavin synthase activity
GO:0004747,ribokinase activity
GO:0004749,ribose phosphate diphosphokinase activity
GO:0004750,ribulose-phosphate 3-epimerase activity
GO:0004751,ribose-5-phosphate isomerase activity
GO:0004756,"selenide, water dikinase activity"
GO:0004758,serine C-palmitoyltransferase activity
GO:0004775,succinate-CoA ligase (ADP-forming) activity
GO:0004776,succinate-CoA ligase (GDP-forming) activity
GO:0004781,sulfate adenylyltransferase (ATP) activity
GO:0004783,sulfite reductase (NADPH) activity
GO:0004784,superoxide dismutase activity
GO:0004788,thiamine diphosphokinase activity
GO:0004791,thioredoxin-disulfide reductase activity
GO:0004792,thiosulfate sulfurtransferase activity
GO:0004793,threonine aldolase activity
GO:0004794,L-threonine ammonia-lyase activity
GO:0004797,thymidine kinase activity
GO:0004798,thymidylate kinase activity
GO:0004799,thymidylate synthase activity
GO:0004801,transaldolase activity
GO:0004802,transketolase activity
GO:0004806,triglyceride lipase activity
GO:0004807,triose-phosphate isomerase activity
GO:0004809,tRNA (guanine-N2-)-methyltransferase activity
GO:0004812,aminoacyl-tRNA ligase activity
GO:0004813,alanine-tRNA ligase activity
GO:0004814,arginine-tRNA ligase activity
GO:0004815,aspartate-tRNA ligase activity
GO:0004816,asparagine-tRNA ligase activity
GO:0004817,cysteine-tRNA ligase activity
GO:0004818,glutamate-tRNA ligase activity
GO:0004819,glutamine-tRNA ligase activity
GO:0004820,glycine-tRNA ligase activity
GO:0004821,histidine-tRNA ligase activity
GO:0004822,isoleucine-tRNA ligase activity
GO:0004823,leucine-tRNA ligase activity
GO:0004824,lysine-tRNA ligase activity
GO:0004825,methionine-tRNA ligase activity
GO:0004826,phenylalanine-tRNA ligase activity
GO:0004827,proline-tRNA ligase activity
GO:0004828,serine-tRNA ligase activity
GO:0004829,threonine-tRNA ligase activity
GO:0004830,tryptophan-tRNA ligase activity
GO:0004831,tyrosine-tRNA ligase activity
GO:0004832,valine-tRNA ligase activity
GO:0004834,tryptophan synthase activity
GO:0004835,tubulin-tyrosine ligase activity
GO:0004842,ubiquitin-protein transferase activity
GO:0004844,uracil DNA N-glycosylase activity
GO:0004845,uracil phosphoribosyltransferase activity
GO:0004849,uridine kinase activity
GO:0004850,uridine phosphorylase activity
GO:0004851,uroporphyrin-III C-methyltransferase activity
GO:0004852,uroporphyrinogen-III synthase activity
GO:0004853,uroporphyrinogen decarboxylase activity
GO:0004856,xylulokinase activity
GO:0004867,serine-type endopeptidase inhibitor activity
GO:0004869,cysteine-type endopeptidase inhibitor activity
GO:0004888,transmembrane signaling receptor activity
GO:0004930,G protein-coupled receptor activity
GO:0004965,G protein-coupled GABA receptor activity
GO:0005047,signal recognition particle binding
GO:0005085,guanyl-nucleotide exchange factor activity
GO:0005093,Rab GDP-dissociation inhibitor activity
GO:0005096,GTPase activator activity
GO:0005179,hormone activity
GO:0005198,structural molecule activity
GO:0005216,ion channel activity
GO:0005230,extracellular ligand-gated ion channel activity
GO:0005245,voltage-gated calcium channel activity
GO:0005247,voltage-gated chloride channel activity
GO:0005249,voltage-gated potassium channel activity
GO:0005267,potassium channel activity
GO:0005319,lipid transporter activity
GO:0005337,nucleoside transmembrane transporter activity
GO:0005375,copper ion transmembrane transporter activity
GO:0005381,iron ion transmembrane transporter activity
GO:0005388,P-type calcium transporter activity
GO:0005432,calcium:sodium antiporter activity
GO:0005471,ATP:ADP antiporter activity
GO:0005484,SNAP receptor activity
GO:0005506,iron ion binding
GO:0005507,copper ion binding
GO:0005509,calcium ion binding
GO:0005515,protein binding
GO:0005524,ATP binding
GO:0005525,GTP binding
GO:0005542,folic acid binding
GO:0005576,extracellular region
GO:0005622,intracellular anatomical structure
GO:0005634,nucleus
GO:0005643,nuclear pore
GO:0005658,alpha DNA polymerase:primase complex
GO:0005663,DNA replication factor C complex
GO:0005665,"RNA polymerase II, core complex"
GO:0005667,transcription regulator complex
GO:0005669,transcription factor TFIID complex
GO:0005673,transcription factor TFIIE complex
GO:0005680,anaphase-promoting complex
GO:0005681,spliceosomal complex
GO:0005694,chromosome
GO:0005730,nucleolus
GO:0005732,sno(s)RNA-containing ribonucleoprotein complex
GO:0005737,cytoplasm
GO:0005739,mitochondrion
GO:0005740,mitochondrial envelope
GO:0005741,mitochondrial outer membrane
GO:0005743,mitochondrial inner membrane
GO:0005744,TIM23 mitochondrial import inner membrane translocase complex
GO:0005758,mitochondrial intermembrane space
GO:0005759,mitochondrial matrix
GO:0005761,mitochondrial ribosome
GO:0005764,lysosome
GO:0005773,vacuole
GO:0005777,peroxisome
GO:0005778,peroxisomal membrane
GO:0005779,integral component of peroxisomal membrane
GO:0005783,endoplasmic reticulum
GO:0005785,signal recognition particle receptor complex
GO:0005786,"signal recognition particle, endoplasmic reticulum targeting"
GO:0005787,signal peptidase complex
GO:0005789,endoplasmic reticulum membrane
GO:0005794,Golgi apparatus
GO:0005798,Golgi-associated vesicle
GO:0005801,cis-Golgi network
GO:0005815,microtubule organizing center
GO:0005835,fatty acid synthase complex
GO:0005839,proteasome core complex
GO:0005840,ribosome
GO:0005850,eukaryotic translation initiation factor 2 complex
GO:0005852,eukaryotic translation initiation factor 3 complex
GO:0005853,eukaryotic translation elongation factor 1 complex
GO:0005856,cytoskeleton
GO:0005871,kinesin complex
GO:0005874,microtubule
GO:0005875,microtubule associated complex
GO:0005887,integral component of plasma membrane
GO:0005891,voltage-gated calcium channel complex
GO:0005942,phosphatidylinositol 3-kinase complex
GO:0005950,anthranilate synthase complex
GO:0005952,cAMP-dependent protein kinase complex
GO:0005956,protein kinase CK2 complex
GO:0005960,glycine cleavage complex
GO:0005964,phosphorylase kinase complex
GO:0005971,ribonucleoside-diphosphate reductase complex
GO:0005975,carbohydrate metabolic process
GO:0005978,glycogen biosynthetic process
GO:0005992,trehalose biosynthetic process
GO:0006003,"fructose 2,6-bisphosphate metabolic process"
GO:0006006,glucose metabolic process
GO:0006007,glucose catabolic process
GO:0006012,galactose metabolic process
GO:0006013,mannose metabolic process
GO:0006014,D-ribose metabolic process
GO:0006021,inositol biosynthetic process
GO:0006044,N-acetylglucosamine metabolic process
GO:0006071,glycerol metabolic process
GO:0006072,glycerol-3-phosphate metabolic process
GO:0006081,cellular aldehyde metabolic process
GO:0006091,generation of precursor metabolites and energy
GO:0006094,gluconeogenesis
GO:0006096,glycolytic process
GO:0006097,glyoxylate cycle
GO:0006098,pentose-phosphate shunt
GO:0006099,tricarboxylic acid cycle
GO:0006106,fumarate metabolic process
GO:0006108,malate metabolic process
GO:0006109,regulation of carbohydrate metabolic process
GO:0006120,"mitochondrial electron transport, NADH to ubiquinone"
GO:0006122,"mitochondrial electron transport, ubiquinol to cytochrome c"
GO:0006139,nucleobase-containing compound metabolic process
GO:0006164,purine nucleotide biosynthetic process
GO:0006166,purine ribonucleoside salvage
GO:0006177,GMP biosynthetic process
GO:0006183,GTP biosynthetic process
GO:0006188,IMP biosynthetic process
GO:0006189,'de novo' IMP biosynthetic process
GO:0006206,pyrimidine nucleobase metabolic process
GO:0006207,'de novo' pyrimidine nucleobase biosynthetic process
GO:0006213,pyrimidine nucleoside metabolic process
GO:0006221,pyrimidine nucleotide biosynthetic process
GO:0006222,UMP biosynthetic process
GO:0006228,UTP biosynthetic process
GO:0006231,dTMP biosynthetic process
GO:0006233,dTDP biosynthetic process
GO:0006235,dTTP biosynthetic process
GO:0006241,CTP biosynthetic process
GO:0006259,DNA metabolic process
GO:0006260,DNA replication
GO:0006265,DNA topological change
GO:0006268,DNA unwinding involved in DNA replication
GO:0006269,"DNA replication, synthesis of RNA primer"
GO:0006270,DNA replication initiation
GO:0006275,regulation of DNA replication
GO:0006278,RNA-dependent DNA biosynthetic process
GO:0006281,DNA repair
GO:0006284,base-excision repair
GO:0006289,nucleotide-excision repair
GO:0006298,mismatch repair
GO:0006302,double-strand break repair
GO:0006303,double-strand break repair via nonhomologous end joining
GO:0006304,DNA modification
GO:0006306,DNA methylation
GO:0006310,DNA recombination
GO:0006333,chromatin assembly or disassembly
GO:0006334,nucleosome assembly
GO:0006342,chromatin silencing
GO:0006351,"transcription, DNA-templated"
GO:0006352,"DNA-templated transcription, initiation"
GO:0006355,"regulation of transcription, DNA-templated"
GO:0006357,regulation of transcription by RNA polymerase II
GO:0006364,rRNA processing
GO:0006366,transcription by RNA polymerase II
GO:0006367,transcription initiation from RNA polymerase II promoter
GO:0006370,7-methylguanosine mRNA capping
GO:0006388,"tRNA splicing, via endonucleolytic cleavage and ligation"
GO:0006396,RNA processing
GO:0006397,mRNA processing
GO:0006400,tRNA modification
GO:0006412,translation
GO:0006413,translational initiation
GO:0006414,translational elongation
GO:0006415,translational termination
GO:0006418,tRNA aminoacylation for protein translation
GO:0006419,alanyl-tRNA aminoacylation
GO:0006420,arginyl-tRNA aminoacylation
GO:0006421,asparaginyl-tRNA aminoacylation
GO:0006422,aspartyl-tRNA aminoacylation
GO:0006423,cysteinyl-tRNA aminoacylation
GO:0006424,glutamyl-tRNA aminoacylation
GO:0006425,glutaminyl-tRNA aminoacylation
GO:0006426,glycyl-tRNA aminoacylation
GO:0006427,histidyl-tRNA aminoacylation
GO:0006428,isoleucyl-tRNA aminoacylation
GO:0006429,leucyl-tRNA aminoacylation
GO:0006430,lysyl-tRNA aminoacylation
GO:0006431,methionyl-tRNA aminoacylation
GO:0006432,phenylalanyl-tRNA aminoacylation
GO:0006433,prolyl-tRNA aminoacylation
GO:0006434,seryl-tRNA aminoacylation
GO:0006435,threonyl-tRNA aminoacylation
GO:0006436,tryptophanyl-tRNA aminoacylation
GO:0006437,tyrosyl-tRNA aminoacylation
GO:0006438,valyl-tRNA aminoacylation
GO:0006446,regulation of translational initiation
GO:0006450,regulation of translational fidelity
GO:0006457,protein folding
GO:0006464,cellular protein modification process
GO:0006465,signal peptide processing
GO:0006468,protein phosphorylation
GO:0006470,protein dephosphorylation
GO:0006471,protein ADP-ribosylation
GO:0006476,protein deacetylation
GO:0006481,C-terminal protein methylation
GO:0006486,protein glycosylation
GO:0006487,protein N-linked glycosylation
GO:0006506,GPI anchor biosynthetic process
GO:0006508,proteolysis
GO:0006511,ubiquitin-dependent protein catabolic process
GO:0006520,cellular amino acid metabolic process
GO:0006526,arginine biosynthetic process
GO:0006527,arginine catabolic process
GO:0006529,asparagine biosynthetic process
GO:0006535,cysteine biosynthetic process from serine
GO:0006536,glutamate metabolic process
GO:0006537,glutamate biosynthetic process
GO:0006541,glutamine metabolic process
GO:0006542,glutamine biosynthetic process
GO:0006544,glycine metabolic process
GO:0006546,glycine catabolic process
GO:0006555,methionine metabolic process
GO:0006559,L-phenylalanine catabolic process
GO:0006561,proline biosynthetic process
GO:0006562,proline catabolic process
GO:0006563,L-serine metabolic process
GO:0006564,L-serine biosynthetic process
GO:0006568,tryptophan metabolic process
GO:0006569,tryptophan catabolic process
GO:0006570,tyrosine metabolic process
GO:0006571,tyrosine biosynthetic process
GO:0006596,polyamine biosynthetic process
GO:0006597,spermine biosynthetic process
GO:0006605,protein targeting
GO:0006606,protein import into nucleus
GO:0006614,SRP-dependent cotranslational protein targeting to membrane
GO:0006621,protein retention in ER lumen
GO:0006626,protein targeting to mitochondrion
GO:0006629,lipid metabolic process
GO:0006631,fatty acid metabolic process
GO:0006633,fatty acid biosynthetic process
GO:0006635,fatty acid beta-oxidation
GO:0006637,acyl-CoA metabolic process
GO:0006644,phospholipid metabolic process
GO:0006659,phosphatidylserine biosynthetic process
GO:0006665,sphingolipid metabolic process
GO:0006672,ceramide metabolic process
GO:0006683,galactosylceramide catabolic process
GO:0006694,steroid biosynthetic process
GO:0006725,cellular aromatic compound metabolic process
GO:0006730,one-carbon metabolic process
GO:0006744,ubiquinone biosynthetic process
GO:0006750,glutathione biosynthetic process
GO:0006754,ATP biosynthetic process
GO:0006772,thiamine metabolic process
GO:0006777,Mo-molybdopterin cofactor biosynthetic process
GO:0006779,porphyrin-containing compound biosynthetic process
GO:0006783,heme biosynthetic process
GO:0006788,heme oxidation
GO:0006790,sulfur compound metabolic process
GO:0006796,phosphate-containing compound metabolic process
GO:0006801,superoxide metabolic process
GO:0006807,nitrogen compound metabolic process
GO:0006808,regulation of nitrogen utilization
GO:0006810,transport
GO:0006811,ion transport
GO:0006812,cation transport
GO:0006813,potassium ion transport
GO:0006814,sodium ion transport
GO:0006816,calcium ion transport
GO:0006817,phosphate ion transport
GO:0006820,anion transport
GO:0006821,chloride transport
GO:0006825,copper ion transport
GO:0006836,neurotransmitter transport
GO:0006839,mitochondrial transport
GO:0006857,oligopeptide transport
GO:0006865,amino acid transport
GO:0006869,lipid transport
GO:0006879,cellular iron ion homeostasis
GO:0006885,regulation of pH
GO:0006886,intracellular protein transport
GO:0006888,endoplasmic reticulum to Golgi vesicle-mediated transport
GO:0006890,"retrograde vesicle-mediated transport, Golgi to endoplasmic reticulum"
GO:0006891,intra-Golgi vesicle-mediated transport
GO:0006897,endocytosis
GO:0006904,vesicle docking involved in exocytosis
GO:0006909,phagocytosis
GO:0006913,nucleocytoplasmic transport
GO:0006914,autophagy
GO:0006915,apoptotic process
GO:0006950,response to stress
GO:0006979,response to oxidative stress
GO:0007005,mitochondrion organization
GO:0007010,cytoskeleton organization
GO:0007017,microtubule-based process
GO:0007018,microtubule-based movement
GO:0007021,tubulin complex assembly
GO:0007030,Golgi organization
GO:0007031,peroxisome organization
GO:0007034,vacuolar transport
GO:0007040,lysosome organization
GO:0007049,cell cycle
GO:0007154,cell communication
GO:0007155,cell adhesion
GO:0007165,signal transduction
GO:0007186,G protein-coupled receptor signaling pathway
GO:0007205,protein kinase C-activating G protein-coupled receptor signaling pathway
GO:0007218,neuropeptide signaling pathway
GO:0007264,small GTPase mediated signal transduction
GO:0007275,multicellular organism development
GO:0007283,spermatogenesis
GO:0007601,visual perception
GO:0008017,microtubule binding
GO:0008020,G protein-coupled photoreceptor activity
GO:0008033,tRNA processing
GO:0008061,chitin binding
GO:0008076,voltage-gated potassium channel complex
GO:0008080,N-acetyltransferase activity
GO:0008081,phosphoric diester hydrolase activity
GO:0008092,cytoskeletal protein binding
GO:0008094,"ATPase, acting on DNA"
GO:0008097,5S rRNA binding
GO:0008104,protein localization
GO:0008106,alcohol dehydrogenase (NADP+) activity
GO:0008111,alpha-methylacyl-CoA racemase activity
GO:0008113,peptide-methionine (S)-S-oxide reductase activity
GO:0008119,thiopurine S-methyltransferase activity
GO:0008121,ubiquinol-cytochrome-c reductase activity
GO:0008124,4-alpha-hydroxytetrahydrobiopterin dehydratase activity
GO:0008137,"NADH dehydrogenase (ubiquinone) activity"
GO:0008138,protein tyrosine/serine/threonine phosphatase activity
GO:0008146,sulfotransferase activity
GO:0008152,metabolic process
GO:0008154,actin polymerization or depolymerization
GO:0008168,methyltransferase activity
GO:0008169,C-methyltransferase activity
GO:0008170,N-methyltransferase activity
GO:0008171,O-methyltransferase activity
GO:0008172,S-methyltransferase activity
GO:0008173,RNA methyltransferase activity
GO:0008175,tRNA methyltransferase activity
GO:0008177,succinate dehydrogenase (ubiquinone) activity
GO:0008186,"ATPase, acting on RNA"
GO:0008193,tRNA guanylyltransferase activity
GO:0008198,ferrous iron binding
GO:0008199,ferric iron binding
GO:0008233,peptidase activity
GO:0008234,cysteine-type peptidase activity
GO:0008235,metalloexopeptidase activity
GO:0008236,serine-type peptidase activity
GO:0008237,metallopeptidase activity
GO:0008251,tRNA-specific adenosine deaminase activity
GO:0008253,5'-nucleotidase activity
GO:0008260,3-oxoacid CoA-transferase activity
GO:0008270,zinc ion binding
GO:0008271,secondary active sulfate transmembrane transporter activity
GO:0008276,protein methyltransferase activity
GO:0008283,cell population proliferation
GO:0008287,protein serine/threonine phosphatase complex
GO:0008289,lipid binding
GO:0008290,F-actin capping protein complex
GO:0008295,spermidine biosynthetic process
GO:0008299,isoprenoid biosynthetic process
GO:0008308,voltage-gated anion channel activity
GO:0008312,7S RNA binding
GO:0008318,protein prenyltransferase activity
GO:0008324,cation transmembrane transporter activity
GO:0008349,MAP kinase kinase kinase kinase activity
GO:0008374,O-acyltransferase activity
GO:0008375,acetylglucosaminyltransferase activity
GO:0008376,acetylgalactosaminyltransferase activity
GO:0008380,RNA splicing
GO:0008408,3'-5' exonuclease activity
GO:0008409,5'-3' exonuclease activity
GO:0008410,CoA-transferase activity
GO:0008412,4-hydroxybenzoate octaprenyltransferase activity
GO:0008413,"8-oxo-7,8-dihydroguanosine triphosphate pyrophosphatase activity"
GO:0008418,protein-N-terminal asparagine amidohydrolase activity
GO:0008420,RNA polymerase II CTD heptapeptide repeat phosphatase activity
GO:0008425,"2-polyprenyl-6-methoxy-1,4-benzoquinone methyltransferase activity"
GO:0008428,ribonuclease inhibitor activity
GO:0008442,3-hydroxyisobutyrate dehydrogenase activity
GO:0008448,N-acetylglucosamine-6-phosphate deacetylase activity
GO:0008460,"dTDP-glucose 4,6-dehydratase activity"
GO:0008466,glycogenin glucosyltransferase activity
GO:0008474,palmitoyl-(protein) hydrolase activity
GO:0008476,protein-tyrosine sulfotransferase activity
GO:0008478,pyridoxal kinase activity
GO:0008479,queuine tRNA-ribosyltransferase activity
GO:0008482,sulfite oxidase activity
GO:0008483,transaminase activity
GO:0008484,sulfuric ester hydrolase activity
GO:0008495,protoheme IX farnesyltransferase activity
GO:0008519,ammonium transmembrane transporter activity
GO:0008531,riboflavin kinase activity
GO:0008534,oxidized purine nucleobase lesion DNA N-glycosylase activity
GO:0008537,proteasome activator complex
GO:0008553,P-type proton-exporting transporter activity
GO:0008568,microtubule-severing ATPase activity
GO:0008574,"ATP-dependent microtubule motor activity, plus-end-directed"
GO:0008597,calcium-dependent protein serine/threonine phosphatase regulator activity
GO:0008603,cAMP-dependent protein kinase regulator activity
GO:0008609,alkylglycerone-phosphate synthase activity
GO:0008610,lipid biosynthetic process
GO:0008612,peptidyl-lysine modification to peptidyl-hypusine
GO:0008615,pyridoxine biosynthetic process
GO:0008616,queuosine biosynthetic process
GO:0008641,ubiquitin-like modifier activating enzyme activity
GO:0008643,carbohydrate transport
GO:0008649,rRNA methyltransferase activity
GO:0008650,rRNA (uridine-2'-O-)-methyltransferase activity
GO:0008652,cellular amino acid biosynthetic process
GO:0008654,phospholipid biosynthetic process
GO:0008667,"2,3-dihydro-2,3-dihydroxybenzoate dehydrogenase activity"
GO:0008670,"2,4-dienoyl-CoA reductase (NADPH) activity"
GO:0008676,3-deoxy-8-phosphooctulonate synthase activity
GO:0008677,2-dehydropantoate 2-reductase activity
GO:0008686,"3,4-dihydroxy-2-butanone-4-phosphate synthase activity"
GO:0008690,3-deoxy-manno-octulosonate cytidylyltransferase activity
GO:0008710,8-amino-7-oxononanoate synthase activity
GO:0008720,D-lactate dehydrogenase activity
GO:0008746,"NAD(P)+ transhydrogenase activity"
GO:0008767,UDP-galactopyranose mutase activity
GO:0008780,acyl-[acyl-carrier-protein]-UDP-N-acetylglucosamine O-acyltransferase activity
GO:0008800,beta-lactamase activity
GO:0008802,betaine-aldehyde dehydrogenase activity
GO:0008808,cardiolipin synthase activity
GO:0008810,cellulase activity
GO:0008812,choline dehydrogenase activity
GO:0008817,"cob(I)yrinic acid a,c-diamide adenosyltransferase activity"
GO:0008818,cobalamin 5'-phosphate synthase activity
GO:0008828,dATP pyrophosphohydrolase activity
GO:0008831,dTDP-4-dehydrorhamnose reductase activity
GO:0008836,diaminopimelate decarboxylase activity
GO:0008839,4-hydroxy-tetrahydrodipicolinate reductase
GO:0008840,4-hydroxy-tetrahydrodipicolinate synthase activity
GO:0008852,exodeoxyribonuclease I activity
GO:0008863,formate dehydrogenase (NAD+) activity
GO:0008890,glycine C-acetyltransferase activity
GO:0008892,guanine deaminase activity
GO:0008897,holo-[acyl-carrier-protein] synthase activity
GO:0008901,ferredoxin hydrogenase activity
GO:0008934,inositol monophosphate 1-phosphatase activity
GO:0008936,nicotinamidase activity
GO:0008939,nicotinate-nucleotide-dimethylbenzimidazole phosphoribosyltransferase activity
GO:0008941,nitric oxide dioxygenase activity
GO:0008942,nitrite reductase [NAD(P)H] activity
GO:0008963,phospho-N-acetylmuramoyl-pentapeptide-transferase activity
GO:0008964,phosphoenolpyruvate carboxylase activity
GO:0008967,phosphoglycolate phosphatase activity
GO:0008998,ribonucleoside-triphosphate reductase activity
GO:0009013,succinate-semialdehyde dehydrogenase [NAD(P)+] activity
GO:0009024,tagatose-6-phosphate kinase activity
GO:0009032,thymidine phosphorylase activity
GO:0009039,urease activity
GO:0009045,xylose isomerase activity
GO:0009052,"pentose-phosphate shunt, non-oxidative branch"
GO:0009055,electron transfer activity
GO:0009058,biosynthetic process
GO:0009059,macromolecule biosynthetic process
GO:0009060,aerobic respiration
GO:0009072,aromatic amino acid family metabolic process
GO:0009073,aromatic amino acid family biosynthetic process
GO:0009082,branched-chain amino acid biosynthetic process
GO:0009086,methionine biosynthetic process
GO:0009088,threonine biosynthetic process
GO:0009089,lysine biosynthetic process via diaminopimelate
GO:0009094,L-phenylalanine biosynthetic process
GO:0009097,isoleucine biosynthetic process
GO:0009098,leucine biosynthetic process
GO:0009102,biotin biosynthetic process
GO:0009103,lipopolysaccharide biosynthetic process
GO:0009107,lipoate biosynthetic process
GO:0009113,purine nucleobase biosynthetic process
GO:0009116,nucleoside metabolic process
GO:0009117,nucleotide metabolic process
GO:0009152,purine ribonucleotide biosynthetic process
GO:0009165,nucleotide biosynthetic process
GO:0009166,nucleotide catabolic process
GO:0009168,purine ribonucleoside monophosphate biosynthetic process
GO:0009190,cyclic nucleotide biosynthetic process
GO:0009229,thiamine diphosphate biosynthetic process
GO:0009231,riboflavin biosynthetic process
GO:0009236,cobalamin biosynthetic process
GO:0009245,lipid A biosynthetic process
GO:0009264,deoxyribonucleotide catabolic process
GO:0009306,protein secretion
GO:0009316,3-isopropylmalate dehydratase complex
GO:0009317,acetyl-CoA carboxylase complex
GO:0009326,formate dehydrogenase complex
GO:0009328,phenylalanine-tRNA ligase complex
GO:0009331,glycerol-3-phosphate dehydrogenase complex
GO:0009349,riboflavin synthase complex
GO:0009361,succinate-CoA ligase complex (ADP-forming)
GO:0009374,biotin binding
GO:0009376,HslUV protease complex
GO:0009399,nitrogen fixation
GO:0009415,response to water
GO:0009435,"NAD biosynthetic process"
GO:0009507,chloroplast
GO:0009536,plastid
GO:0009607,response to biotic stimulus
GO:0009636,response to toxic substance
GO:0009678,pyrophosphate hydrolysis-driven proton transmembrane transporter activity
GO:0009966,regulation of signal transduction
GO:0009982,pseudouridine synthase activity
GO:0010181,FMN binding
GO:0015031,protein transport
GO:0015035,protein-disulfide reductase activity
GO:0015036,disulfide oxidoreductase activity
GO:0015039,"NADPH-adrenodoxin reductase activity"
GO:0015078,proton transmembrane transporter activity
GO:0015085,calcium ion transmembrane transporter activity
GO:0015109,chromate transmembrane transporter activity
GO:0015171,amino acid transmembrane transporter activity
GO:0015269,calcium-activated potassium channel activity
GO:0015297,antiporter activity
GO:0015299,solute:proton antiporter activity
GO:0015385,sodium:proton antiporter activity
GO:0015444,P-type magnesium transporter activity
GO:0015446,ATPase-coupled arsenite transmembrane transporter activity
GO:0015450,P-P-bond-hydrolysis-driven protein transmembrane transporter activity
GO:0015629,actin cytoskeleton
GO:0015662,P-type ion transporter activity
GO:0015671,oxygen transport
GO:0015693,magnesium ion transport
GO:0015703,chromate transport
GO:0015746,citrate transport
GO:0015780,nucleotide-sugar transmembrane transport
GO:0015914,phospholipid transport
GO:0015930,glutamate synthase activity
GO:0015934,large ribosomal subunit
GO:0015935,small ribosomal subunit
GO:0015936,coenzyme A metabolic process
GO:0015937,coenzyme A biosynthetic process
GO:0015940,pantothenate biosynthetic process
GO:0015976,carbon utilization
GO:0015979,photosynthesis
GO:0015986,ATP synthesis coupled proton transport
GO:0016020,membrane
GO:0016021,integral component of membrane
GO:0016034,maleylacetoacetate isomerase activity
GO:0016042,lipid catabolic process
GO:0016070,RNA metabolic process
GO:0016071,mRNA metabolic process
GO:0016117,carotenoid biosynthetic process
GO:0016149,"translation release factor activity, codon specific"
GO:0016151,nickel cation binding
GO:0016156,fumarate reductase (NADH) activity
GO:0016192,vesicle-mediated transport
GO:0016208,AMP binding
GO:0016209,antioxidant activity
GO:0016226,iron-sulfur cluster assembly
GO:0016229,steroid dehydrogenase activity
GO:0016246,RNA interference
GO:0016251,RNA polymerase II general transcription initiation factor activity
GO:0016272,prefoldin complex
GO:0016274,protein-arginine N-methyltransferase activity
GO:0016279,protein-lysine N-methyltransferase activity
GO:0016298,lipase activity
GO:0016300,tRNA (uracil) methyltransferase activity
GO:0016301,kinase activity
GO:0016303,1-phosphatidylinositol-3-kinase activity
GO:0016307,phosphatidylinositol phosphate kinase activity
GO:0016310,phosphorylation
GO:0016311,dephosphorylation
GO:0016312,inositol bisphosphate phosphatase activity
GO:0016314,"phosphatidylinositol-3,4,5-trisphosphate 3-phosphatase activity"
GO:0016407,acetyltransferase activity
GO:0016409,palmitoyltransferase activity
GO:0016410,N-acyltransferase activity
GO:0016435,rRNA (guanine) methyltransferase activity
GO:0016442,RISC complex
GO:0016459,myosin complex
GO:0016462,pyrophosphatase activity
GO:0016485,protein processing
GO:0016491,oxidoreductase activity
GO:0016531,copper chaperone activity
GO:0016538,cyclin-dependent protein serine/threonine kinase regulator activity
GO:0016539,intein-mediated protein splicing
GO:0016559,peroxisome fission
GO:0016567,protein ubiquitination
GO:0016575,histone deacetylation
GO:0016597,amino acid binding
GO:0016614,"oxidoreductase activity, acting on CH-OH group of donors"
GO:0016615,malate dehydrogenase activity
GO:0016616,"oxidoreductase activity, acting on the CH-OH group of donors, NAD or NADP as acceptor"
GO:0016620,"oxidoreductase activity, acting on the aldehyde or oxo group of donors, NAD or NADP as acceptor"
GO:0016624,"oxidoreductase activity, acting on the aldehyde or oxo group of donors, disulfide as acceptor"
GO:0016627,"oxidoreductase activity, acting on the CH-CH group of donors"
GO:0016631,enoyl-[acyl-carrier-protein] reductase activity
GO:0016633,galactonolactone dehydrogenase activity
GO:0016639,"oxidoreductase activity, acting on the CH-NH2 group of donors, NAD or NADP as acceptor"
GO:0016651,"oxidoreductase activity, acting on NAD(P)H"
GO:0016702,"oxidoreductase activity, acting on single donors with incorporation of molecular oxygen, incorporation of two atoms of oxygen"
GO:0016705,"oxidoreductase activity, acting on paired donors, with incorporation or reduction of molecular oxygen"
GO:0016706,2-oxoglutarate-dependent dioxygenase activity
GO:0016717,"oxidoreductase activity, acting on paired donors, with oxidation of a pair of donors resulting in the reduction of molecular oxygen to two molecules of water"
GO:0016740,transferase activity
GO:0016743,carboxyl- or carbamoyltransferase activity
GO:0016746,acyltransferase activity
GO:0016747,"acyltransferase activity, transferring groups other than amino-acyl groups"
GO:0016751,S-succinyltransferase activity
GO:0016757,glycosyltransferase activity
GO:0016758,hexosyltransferase activity
GO:0016765,"transferase activity, transferring alkyl or aryl (other than methyl) groups"
GO:0016772,"transferase activity, transferring phosphorus-containing groups"
GO:0016773,"phosphotransferase activity, alcohol group as acceptor"
GO:0016776,"phosphotransferase activity, phosphate group as acceptor"
GO:0016779,nucleotidyltransferase activity
GO:0016780,"phosphotransferase activity, for other substituted phosphate groups"
GO:0016783,sulfurtransferase activity
GO:0016787,hydrolase activity
GO:0016788,"hydrolase activity, acting on ester bonds"
GO:0016791,phosphatase activity
GO:0016799,"hydrolase activity, hydrolyzing N-glycosyl compounds"
GO:0016805,dipeptidase activity
GO:0016810,"hydrolase activity, acting on carbon-nitrogen (but not peptide) bonds"
GO:0016811,"hydrolase activity, acting on carbon-nitrogen (but not peptide) bonds, in linear amides"
GO:0016818,"hydrolase activity, acting on acid anhydrides, in phosphorus-containing anhydrides"
GO:0016829,lyase activity
GO:0016830,carbon-carbon lyase activity
GO:0016831,carboxy-lyase activity
GO:0016833,oxo-acid-lyase activity
GO:0016836,hydro-lyase activity
GO:0016844,strictosidine synthase activity
GO:0016846,carbon-sulfur lyase activity
GO:0016853,isomerase activity
GO:0016857,"racemase and epimerase activity, acting on carbohydrates and derivatives"
GO:0016868,"intramolecular transferase activity, phosphotransferases"
GO:0016874,ligase activity
GO:0016884,"carbon-nitrogen ligase activity, with glutamine as amido-N-donor"
GO:0016887,ATPase
GO:0016888,"endodeoxyribonuclease activity, producing 5'-phosphomonoesters"
GO:0016891,"endoribonuclease activity, producing 5'-phosphomonoesters"
GO:0016992,lipoate synthase activity
GO:0016998,cell wall macromolecule catabolic process
GO:0017000,antibiotic biosynthetic process
GO:0017018,myosin phosphatase activity
GO:0017020,myosin phosphatase regulator activity
GO:0017056,structural constituent of nuclear pore
GO:0017057,6-phosphogluconolactonase activity
GO:0017059,serine C-palmitoyltransferase complex
GO:0017065,single-strand selective uracil DNA N-glycosylase activity
GO:0017086,3-methyl-2-oxobutanoate dehydrogenase (lipoamide) complex
GO:0017109,glutamate-cysteine ligase complex
GO:0017110,nucleoside-diphosphatase activity
GO:0017111,nucleoside-triphosphatase activity
GO:0017116,single-stranded DNA helicase activity
GO:0017136,"NAD-dependent histone deacetylase activity"
GO:0017150,tRNA dihydrouridine synthase activity
GO:0017172,cysteine dioxygenase activity
GO:0017176,phosphatidylinositol N-acetylglucosaminyltransferase activity
GO:0018024,histone-lysine N-methyltransferase activity
GO:0018106,peptidyl-histidine phosphorylation
GO:0018149,peptide cross-linking
GO:0018193,peptidyl-amino acid modification
GO:0018298,protein-chromophore linkage
GO:0018667,cyclohexanone monooxygenase activity
GO:0018822,nitrile hydratase activity
GO:0019001,guanyl nucleotide binding
GO:0019008,molybdopterin synthase complex
GO:0019104,DNA N-glycosylase activity
GO:0019133,choline monooxygenase activity
GO:0019145,aminobutyraldehyde dehydrogenase activity
GO:0019199,transmembrane receptor protein kinase activity
GO:0019205,nucleobase-containing compound kinase activity
GO:0019211,phosphatase activator activity
GO:0019239,deaminase activity
GO:0019290,siderophore biosynthetic process
GO:0019343,cysteine biosynthetic process via cystathionine
GO:0019363,pyridine nucleotide biosynthetic process
GO:0019370,leukotriene biosynthetic process
GO:0019379,"sulfate assimilation, phosphoadenylyl sulfate reduction by phosphoadenylyl-sulfate reductase (thioredoxin)"
GO:0019438,aromatic compound biosynthetic process
GO:0019478,D-amino acid catabolic process
GO:0019627,urea metabolic process
GO:0019706,protein-cysteine S-palmitoyltransferase activity
GO:0019707,protein-cysteine S-acyltransferase activity
GO:0019752,carboxylic acid metabolic process
GO:0019787,ubiquitin-like protein transferase activity
GO:0019825,oxygen binding
GO:0019843,rRNA binding
GO:0019856,pyrimidine nucleobase biosynthetic process
GO:0019867,outer membrane
GO:0019877,diaminopimelate biosynthetic process
GO:0019894,kinesin binding
GO:0019898,extrinsic component of membrane
GO:0019904,protein domain specific binding
GO:0019912,cyclin-dependent protein kinase activating kinase activity
GO:0020037,heme binding
GO:0030001,metal ion transport
GO:0030036,actin cytoskeleton organization
GO:0030041,actin filament polymerization
GO:0030060,L-malate dehydrogenase activity
GO:0030071,regulation of mitotic metaphase/anaphase transition
GO:0030117,membrane coat
GO:0030126,COPI vesicle coat
GO:0030127,COPII vesicle coat
GO:0030130,clathrin coat of trans-Golgi network vesicle
GO:0030131,clathrin adaptor complex
GO:0030132,clathrin coat of coated pit
GO:0030145,manganese ion binding
GO:0030151,molybdenum ion binding
GO:0030154,cell differentiation
GO:0030163,protein catabolic process
GO:0030170,pyridoxal phosphate binding
GO:0030173,integral component of Golgi membrane
GO:0030176,integral component of endoplasmic reticulum membrane
GO:0030246,carbohydrate binding
GO:0030248,cellulose binding
GO:0030259,lipid glycosylation
GO:0030267,glyoxylate reductase (NADP+) activity
GO:0030272,5-formyltetrahydrofolate cyclo-ligase activity
GO:0030286,dynein complex
GO:0030288,outer membrane-bounded periplasmic space
GO:0030337,DNA polymerase processivity factor activity
GO:0030429,kynureninase activity
GO:0030552,cAMP binding
GO:0030594,neurotransmitter receptor activity
GO:0030688,"preribosome, small subunit precursor"
GO:0030833,regulation of actin filament polymerization
GO:0030904,retromer complex
GO:0030942,endoplasmic reticulum signal peptide binding
GO:0030955,potassium ion binding
GO:0030976,thiamine pyrophosphate binding
GO:0030983,mismatched DNA binding
GO:0031012,extracellular matrix
GO:0031032,actomyosin structure organization
GO:0031071,cysteine desulfurase activity
GO:0031072,heat shock protein binding
GO:0031119,tRNA pseudouridine synthesis
GO:0031123,RNA 3'-end processing
GO:0031177,phosphopantetheine binding
GO:0031227,intrinsic component of endoplasmic reticulum membrane
GO:0031419,cobalamin binding
GO:0031461,cullin-RING ubiquitin ligase complex
GO:0031491,nucleosome binding
GO:0031532,actin cytoskeleton reorganization
GO:0031625,ubiquitin protein ligase binding
GO:0031957,very long-chain fatty acid-CoA ligase activity
GO:0032012,regulation of ARF protein signal transduction
GO:0032040,small-subunit processome
GO:0032259,methylation
GO:0032440,2-alkenal reductase [NAD(P)+] activity
GO:0033014,tetrapyrrole biosynthetic process
GO:0033897,ribonuclease T2 activity
GO:0033961,cis-stilbene-oxide hydrolase activity
GO:0034012,FAD-AMP lyase (cyclizing) activity
GO:0034038,deoxyhypusine synthase activity
GO:0035091,phosphatidylinositol binding
GO:0042128,nitrate assimilation
GO:0042132,"fructose 1,6-bisphosphate 1-phosphatase activity"
GO:0042254,ribosome biogenesis
GO:0042255,ribosome assembly
GO:0042256,mature ribosome assembly
GO:0042281,"dolichyl pyrophosphate Man9GlcNAc2 alpha-1,3-glucosyltransferase activity"
GO:0042283,"dolichyl pyrophosphate Glc1Man9GlcNAc2 alpha-1,3-glucosyltransferase activity"
GO:0042300,beta-amyrin synthase activity
GO:0042325,regulation of phosphorylation
GO:0042450,arginine biosynthetic process via ornithine
GO:0042578,phosphoric ester hydrolase activity
GO:0042586,peptide deformylase activity
GO:0042625,ATPase-coupled ion transmembrane transporter activity
GO:0042626,ATPase-coupled transmembrane transporter activity
GO:0042709,succinate-CoA ligase complex
GO:0042719,mitochondrial intermembrane space protein transporter complex
GO:0042765,GPI-anchor transamidase complex
GO:0042803,protein homodimerization activity
GO:0042981,regulation of apoptotic process
GO:0043022,ribosome binding
GO:0043039,tRNA aminoacylation
GO:0043044,ATP-dependent chromatin remodeling
GO:0043087,regulation of GTPase activity
GO:0043161,proteasome-mediated ubiquitin-dependent protein catabolic process
GO:0043262,adenosine-diphosphatase activity
GO:0043565,sequence-specific DNA binding
GO:0043631,RNA polyadenylation
GO:0043687,post-translational protein modification
GO:0043733,DNA-3-methylbase glycosylase activity
GO:0043743,LPPG:FO 2-phospho-L-lactate transferase activity
GO:0043798,glycerate 2-kinase activity
GO:0043812,phosphatidylinositol-4-phosphate phosphatase activity
GO:0043813,"phosphatidylinositol-3,5-bisphosphate 5-phosphatase activity"
GO:0043842,Kdo transferase activity
GO:0043864,indoleacetamide hydrolase activity
GO:0044237,cellular metabolic process
GO:0044249,cellular biosynthetic process
GO:0044262,cellular carbohydrate metabolic process
GO:0044267,cellular protein metabolic process
GO:0045039,protein insertion into mitochondrial inner membrane
GO:0045087,innate immune response
GO:0045239,tricarboxylic acid cycle enzyme complex
GO:0045259,proton-transporting ATP synthase complex
GO:0045281,succinate dehydrogenase complex
GO:0045454,cell redox homeostasis
GO:0045703,ketoreductase activity
GO:0046168,glycerol-3-phosphate catabolic process
GO:0046403,polynucleotide 3'-phosphatase activity
GO:0046488,phosphatidylinositol metabolic process
GO:0046537,"2,3-bisphosphoglycerate-independent phosphoglycerate mutase activity"
GO:0046677,response to antibiotic
GO:0046835,carbohydrate phosphorylation
GO:0046854,phosphatidylinositol phosphate biosynthetic process
GO:0046872,metal ion binding
GO:0046873,metal ion transmembrane transporter activity
GO:0046899,nucleoside triphosphate adenylate kinase activity
GO:0046907,intracellular transport
GO:0046914,transition metal ion binding
GO:0046923,ER retention sequence binding
GO:0046933,"proton-transporting ATP synthase activity, rotational mechanism"
GO:0046961,"proton-transporting ATPase activity, rotational mechanism"
GO:0046983,protein dimerization activity
GO:0047012,sterol-4-alpha-carboxylate 3-dehydrogenase (decarboxylating) activity
GO:0047372,acylglycerol lipase activity
GO:0047419,N-acetylgalactosamine-6-phosphate deacetylase activity
GO:0047429,nucleoside-triphosphate diphosphatase activity
GO:0047555,"3',5'-cyclic-GMP phosphodiesterase activity"
GO:0047560,3-dehydrosphinganine reductase activity
GO:0047611,acetylspermidine deacetylase activity
GO:0047631,ADP-ribose diphosphatase activity
GO:0047793,cycloeucalenol cycloisomerase activity
GO:0047874,dolichyldiphosphatase activity
GO:0048015,phosphatidylinositol-mediated signaling
GO:0048038,quinone binding
GO:0048040,UDP-glucuronate decarboxylase activity
GO:0048193,Golgi vesicle transport
GO:0048500,signal recognition particle
GO:0050080,malonyl-CoA decarboxylase activity
GO:0050112,inositol 2-dehydrogenase activity
GO:0050113,inositol oxygenase activity
GO:0050218,propionate-CoA ligase activity
GO:0050220,prostaglandin-E synthase activity
GO:0050254,rhodopsin kinase activity
GO:0050291,sphingosine N-acyltransferase activity
GO:0050353,trimethyllysine dioxygenase activity
GO:0050567,glutaminyl-tRNA synthase (glutamine-hydrolyzing) activity
GO:0050660,flavin adenine dinucleotide binding
GO:0050661,"NADP binding"
GO:0050897,cobalt ion binding
GO:0051015,actin filament binding
GO:0051082,unfolded protein binding
GO:0051087,chaperone binding
GO:0051090,regulation of DNA-binding transcription factor activity
GO:0051205,protein insertion into membrane
GO:0051252,regulation of RNA metabolic process
GO:0051258,protein polymerization
GO:0051276,chromosome organization
GO:0051287,"NAD binding"
GO:0051438,regulation of ubiquitin-protein transferase activity
GO:0051443,positive regulation of ubiquitin-protein transferase activity
GO:0051444,negative regulation of ubiquitin-protein transferase activity
GO:0051536,iron-sulfur cluster binding
GO:0051537,"2 iron, 2 sulfur cluster binding"
GO:0051539,"4 iron, 4 sulfur cluster binding"
GO:0051731,polynucleotide 5'-hydroxyl-kinase activity
GO:0051972,regulation of telomerase activity
